Timestamp,Batch ID,Temperature (Â°C),pH,Pressure (kPa),Quality Metric (%),Dissolved Oxygen (%),Conductivity (mS/cm),UV Absorbance,RNA Folding Efficiency (%),Nanopore RNA Integrity (Score),Enzyme Concentration (U/mL)
2024-12-08 08:00:00,Batch_001,38.10727543076563,7.32171688845705,100.49022645495654,86.70873033770977,59.39162943626049,14.729690409367322,0.30174303448496725,90.02537226758223,8.419628876673881,110.59297932837393
2024-12-08 08:15:00,Batch_001,37.96883661923464,7.4159468886069995,100.94139665417022,87.82209978483345,61.032041008061626,13.27936570434687,1.6573611054029738,93.8711072994603,8.813845284148004,105.62591577909573
2024-12-08 08:30:00,Batch_001,37.40853500435202,7.4396675082206105,100.69547411447903,92.76329562148965,60.39248740634031,15.221677206591272,1.859734523102935,94.53750228406822,8.345944427715962,123.80001367696981
2024-12-08 08:45:00,Batch_001,36.80818619051573,7.460966231011304,101.2505526553286,94.10110441585756,60.62940466621145,16.039229498614155,1.4139654162900115,96.03103462483988,8.585404477784229,103.88732325504562
2024-12-08 09:00:00,Batch_001,37.62675920608579,7.401402881718395,101.3107074847891,92.20886671210009,61.11617574273661,15.273417920294532,-0.1236502944236707,92.7892929974,8.613030364805146,107.2404103549934
2024-12-08 09:15:00,Batch_001,37.308985966623695,7.194705027254955,102.07306012795416,85.3924353315271,57.37887812583958,14.234760488359484,-0.6745326525492905,95.21242282410208,7.770807776954432,128.06786081745201
2024-12-08 09:30:00,Batch_001,37.84947949660494,7.50932978680657,102.26555622893171,89.19213087795396,56.715007513813035,14.496277007162371,1.3648984413020164,95.33320651910101,7.857871834092768,110.39396943185022
2024-12-08 09:45:00,Batch_001,37.82628031247822,7.477815689384509,101.56384468249581,85.56323707483337,60.15315741432196,14.763025214449828,0.13994337438564786,95.99818791264687,8.635881589628736,109.62897472267834
2024-12-08 10:00:00,Batch_001,37.26133125791956,7.297432225417925,100.77438940458993,87.44562232373953,61.2578511668314,14.698342076585249,1.2213012468098605,99.63994194153167,8.946542020992952,106.19380148186426
2024-12-08 10:15:00,Batch_001,37.32277659718294,7.431982728192523,99.81103861051838,90.73753517273938,62.38414510766775,15.35768638063956,1.9363049249166153,90.41828640548583,8.323372717642668,110.23533593752798
2024-12-08 10:30:00,Batch_001,37.764468994310285,7.444782186258001,100.14673326362357,85.19050531008585,61.477514904844995,15.304527357124195,0.3434233081516736,97.87017235785349,9.764178111314006,124.42714855902966
2024-12-08 10:45:00,Batch_001,37.38779377052147,7.486784567664175,101.12187247447422,90.19266281185217,62.050020863573,14.647476941201553,2.0289569857536343,90.28147372282069,8.749454290110325,104.08608460960681
2024-12-08 11:00:00,Batch_001,37.55391714185758,7.393465438510105,101.43848374588062,90.47834705852046,63.14383377055392,15.024714280603058,-0.4495173581763019,92.49142678280619,8.044433321159884,116.3189253263306
2024-12-08 11:15:00,Batch_001,37.47036237077169,7.3676637982704305,98.89986840622812,87.62882082388447,56.51051040451861,15.176801410106254,-0.4957737794340249,99.97746483846865,9.094984150469328,108.69789594256562
2024-12-08 11:30:00,Batch_001,36.99825417993747,7.408224454866333,101.03245196054485,90.45666776756852,60.30504431172893,14.871668830139747,1.5277049661803823,97.31030752117645,9.02112708916658,104.02330905991009
2024-12-08 11:45:00,Batch_001,37.16099999095301,7.436147201154682,99.2132321315231,85.72526615627727,60.04910577192859,14.613422366697133,-0.49593171020634386,90.75322102074142,9.060697738737755,107.41534726319502
2024-12-08 12:00:00,Batch_001,37.89515807760201,7.600354683505809,102.62402821843403,90.16243648790854,59.22963185206805,15.82289217425829,0.7122083549675132,93.66134684289315,9.822173127273834,117.02161781643916
2024-12-08 12:15:00,Batch_001,37.21526542866866,7.511112656606677,100.66515939932245,86.32084615707642,56.67451597451201,15.503638005198875,0.6684420783415639,90.61902197346734,8.672691740601465,101.97927823070431
2024-12-08 12:30:00,Batch_001,38.43499657211227,7.35099736404742,102.33183286466314,89.49968609419165,56.959743297382325,14.960718930308316,0.5954809629126564,93.23967013943836,7.740529050471703,117.93670576824104
2024-12-08 12:45:00,Batch_001,37.48298439383881,7.358683067221661,100.83013045615112,92.10568699005316,58.74273485690023,14.59390513345207,1.552758145839841,98.69183566875803,8.72565057872973,107.07603229514605
2024-12-08 13:00:00,Batch_001,37.26863593632282,7.506486826241136,100.99148888193837,91.47219003905059,62.742843819986994,14.757396130651783,-0.521580849623664,96.51551163999727,8.51249327504192,112.28126674323403
2024-12-08 13:15:00,Batch_001,37.50903623784173,7.331210363556416,98.9112583786846,91.23281434536884,58.58154693968177,15.370367679413025,0.671976838280782,92.91135385156969,9.634223637922812,104.13191716084334
2024-12-08 13:30:00,Batch_001,37.61870530794986,7.406014509685572,100.38065413633359,85.67685200708021,58.551097946794606,15.06821895739772,0.6037990777728031,93.27240985442488,8.598192202402316,121.55729502884792
2024-12-08 13:45:00,Batch_001,37.24482452914373,7.510142747915169,100.68172106002064,93.5180897007464,61.4681360327533,15.031027512586604,1.6129657567943645,93.45418637946592,8.56712395628725,115.00285157215212
2024-12-08 14:00:00,Batch_001,37.148191187878176,7.176492827386632,102.44648882981281,94.34438162614475,58.454981442091864,15.295638794210587,0.9101421182553372,98.0027280088621,8.812723755452703,105.20735559980608
2024-12-08 14:15:00,Batch_001,36.990617936760685,7.295670090743195,99.48484845316061,94.89794763958048,60.158242319300115,15.637221889634116,-0.5844013173835187,97.11746997295586,9.306316764001686,118.87195826538496
2024-12-08 14:30:00,Batch_001,37.69829811384446,7.341148145154184,100.62714917865671,90.43815532812005,55.31589775440585,14.551809792542276,2.774967662290941,97.85984244460975,9.033162634244146,107.09745668067323
2024-12-08 14:45:00,Batch_001,37.19742607012365,7.388536242987047,101.03162677277074,91.98327718761357,61.374553787661874,15.089203596559392,1.0784649373062305,91.45337047564264,8.70085549440798,114.91759195979039
2024-12-08 15:00:00,Batch_001,37.587773385977655,7.3983758387645215,100.23132447444304,90.42789588582397,60.81199265042723,15.623012505208491,0.41776046037882564,90.0392514695042,8.830682729790196,117.93311615437635
2024-12-08 15:15:00,Batch_001,38.362930624234934,7.265781058665361,102.06121363968734,86.99458879091048,61.59238705909293,14.412178652519128,1.3004608478298658,98.63298343401499,9.940224548201757,109.19555914973509
2024-12-08 15:30:00,Batch_001,37.1031522195852,7.449328498084793,101.5365342103515,87.33013136161576,60.789477204456645,15.157262697703542,0.7407217682939558,94.21334320279529,8.794350635374308,113.10784004161599
2024-12-08 15:45:00,Batch_001,37.44069566947419,7.329573831118761,102.78844314649535,86.52621262179939,60.10411984201621,14.711081249894997,1.7653295573752479,93.94855323526983,8.84575148889554,125.82930314670779
2024-12-08 16:00:00,Batch_001,37.23885288664125,7.302225732993944,99.88600965697813,86.93278392846683,60.5895270623422,15.577419987564484,-0.19082932743477488,93.73667937642465,7.922084884219686,108.61003630279971
2024-12-08 16:15:00,Batch_001,37.32906771569683,7.581923712318873,101.67207006255664,88.01783345055888,57.90441991535,15.832897150403205,1.8947395263434783,96.46480911620326,9.30899717199853,110.219248466426
2024-12-08 16:30:00,Batch_001,37.16588633087832,7.517590902059363,101.82276844838977,88.6017381040655,60.29764403617159,15.171435358738078,0.09683933895802121,97.67425026460307,9.561166486212995,100.39715690697278
2024-12-08 16:45:00,Batch_001,37.60707765839524,7.305765080896959,101.00639681471263,92.43858068658419,60.26474276236286,15.546649984918236,1.0278487734728972,97.81808305109034,8.904561884276518,103.87217573277097
2024-12-08 17:00:00,Batch_001,36.85934802078638,7.371607787161724,100.44821343364377,88.31694936074787,61.05351622451131,15.044557650289182,0.9297538092237642,98.91958434817745,7.864763144575705,127.98065639498856
2024-12-08 17:15:00,Batch_001,37.20804012495294,7.387274128956963,101.47351331890545,85.42876583769386,58.70610549773908,14.881319374880666,-0.6156856720750701,94.77135273716587,9.535549103279788,128.2403803201142
2024-12-08 17:30:00,Batch_001,37.13691825359795,7.265051516160911,102.33953855165146,93.98095176030073,59.22003917171913,14.362866963415703,0.6633236707058126,97.97151588349428,8.54985884585432,120.79392931388149
2024-12-08 17:45:00,Batch_001,36.57548690326431,7.35683321005026,102.60541597032022,90.27296002552285,56.61252756422147,15.58142446437307,1.347912779385138,94.2740449289224,9.912440231095593,114.65009962589883
2024-12-08 18:00:00,Batch_001,37.45895807696991,7.421889945948134,101.73998050070536,91.63750504437186,56.70262695503963,15.01235796242499,-0.1449963758705548,92.75794627781323,9.001032203325025,107.62921186720357
2024-12-08 18:15:00,Batch_001,37.03993315123003,7.3909742263406235,100.5411378556802,87.82811592326135,61.30718883639152,15.096381218506677,1.5493295899321438,97.68991381690428,9.652111670846235,110.17852637620949
2024-12-08 18:30:00,Batch_001,37.32626425133953,7.294065356915824,100.77165748335705,88.22263444982464,58.856669332113285,14.451401863572439,0.3515838312048864,92.73912879335057,8.915291909645063,102.29184382523944
2024-12-08 18:45:00,Batch_001,37.20725686931847,7.308683399239395,104.2065702793693,88.57924126975556,61.032108189554734,14.901185673664953,1.0164803015781239,93.28718544934641,9.913155463732535,101.28873393257817
2024-12-08 19:00:00,Batch_001,37.90198169780397,7.3187330037030565,103.61391621380584,92.76363215762846,61.008163312539054,13.766920396613871,1.7378825512760483,95.27222193463179,8.811836368033802,111.97671589911184
2024-12-08 19:15:00,Batch_001,38.12854989018082,7.408138551846237,102.20804507641417,94.11258130508915,61.34744404168649,15.22940214134216,1.6833175498773958,99.59324432548243,8.581246409456526,105.71756566276387
2024-12-08 19:30:00,Batch_001,38.11696987282492,7.268901776435114,103.03689789158652,92.05155515386761,60.48612083815314,15.680906197304726,2.2157775579882646,98.32310089626536,9.303922092314645,110.81267346934943
2024-12-08 19:45:00,Batch_001,37.109309294960106,7.448011469266052,100.19050446018825,85.30861748312805,59.93977808886626,14.950250868280893,0.610746029069306,99.86261732231374,7.836885580411027,118.49267880437938
2024-12-08 20:00:00,Batch_001,38.08977473188277,7.340206671011395,101.98898140162014,87.02624596132094,59.29616176960467,15.475353312164996,1.811681972467322,96.63945676008926,9.368711948817069,110.03116799192867
2024-12-08 20:15:00,Batch_001,37.508987578814725,7.367281238744187,100.64199025741057,85.34765038896306,57.754644605303625,14.80270575852106,0.5206488835923392,93.58469771033137,9.115558169438444,129.75460800411426
2024-12-08 20:30:00,Batch_001,38.787922159585705,7.541982770047854,102.32945155855745,91.7291524357164,57.46883691694856,14.835603700103546,0.38882996802026365,94.83238771647063,9.042299048592081,108.01641322260267
2024-12-08 20:45:00,Batch_001,37.658113074569485,7.210901562897848,101.47847186309639,93.29657012911446,63.54090575842355,15.173433716671676,0.666794452156726,91.03328186836656,9.57528429306462,121.47411859177437
2024-12-08 21:00:00,Batch_001,37.01925205477641,7.430237656923335,101.77441174339091,85.7932751858829,59.730093545723555,15.816262693623484,0.8662275547435642,98.15825048993393,8.353371690785055,106.03184089255593
2024-12-08 21:15:00,Batch_001,37.15560474176058,7.398395168093891,102.13904553721717,86.0971713026776,61.357223488411535,15.918400859346386,2.6688092390027607,99.65356362845762,8.751773307348431,108.98203645072331
2024-12-08 21:30:00,Batch_001,37.41775557815506,7.340316395516566,100.0133697416866,91.87956412331195,62.992579715021975,15.267451438262711,2.5152690042723647,94.71030785606061,7.812946765714026,108.48191672537467
2024-12-08 21:45:00,Batch_001,37.21667994827845,7.3349582247586795,102.84754377845248,92.3172595950789,62.00272180817659,14.730938823009252,1.5093051500846881,92.04601282927923,8.551633557710872,103.74072011128538
2024-12-08 22:00:00,Batch_001,37.68800984486839,7.345726669195526,100.60250291252609,91.76927554464618,61.29587169983417,14.603982405060941,1.5014772926368072,93.98627471352926,8.32942930315312,113.78161757009137
2024-12-08 22:15:00,Batch_001,36.45704660024445,7.33785774982344,99.84758025420972,86.80151293973272,60.56787865824579,15.101233055041238,1.3554925039708685,91.04097316627619,7.872950875272618,109.0650679049602
2024-12-08 22:30:00,Batch_001,37.31672600054423,7.258862151665423,99.51998690717973,88.03078507371933,60.30231152730619,15.31671316893063,0.699850749282387,96.41127804928986,7.664549458313065,118.09936124853796
2024-12-08 22:45:00,Batch_001,37.17595719173376,7.291428273905245,102.7976155181697,86.61001160153508,59.15801492587802,15.180937602127045,-0.01117436474664657,94.03777620235947,8.965153664726152,112.6440014701459
2024-12-08 23:00:00,Batch_001,37.58621973019892,7.340010356858339,100.74414764907422,93.52756288141032,60.49963659456013,15.24011943337616,-0.34064884298897025,91.0535011571695,9.22777114399214,129.02295841291416
2024-12-08 23:15:00,Batch_001,36.465025879231064,7.620771098598228,102.85546007722887,87.48688042637167,57.06707996372065,15.377068117260379,0.8988563354397988,92.88228348775628,9.601472238633892,114.49791771890199
2024-12-08 23:30:00,Batch_001,37.9170786046575,7.226607601472096,98.92432723951481,90.03042934160483,61.10972056144754,14.427005019128575,0.3069662505447405,95.60850705176318,9.051736953469689,124.43243907647188
2024-12-08 23:45:00,Batch_001,37.77326174233225,7.530304710906554,102.49262475249388,85.83231932045238,57.172967208271345,15.287587793515558,2.121510615524385,90.99653823184332,9.4736188479922,119.36976164104667
2024-12-09 00:00:00,Batch_001,37.24205438094426,7.364751515904754,101.37502953697914,90.56253924532396,58.776568939204665,15.29511631322427,1.583735344530314,90.05260572998876,8.327243680125378,120.16712611955168
2024-12-09 00:15:00,Batch_001,37.330629758607344,7.538549914134222,102.03504921714229,87.90427174555658,64.65296524042145,15.298190995929374,1.6564189767655106,91.79539676024186,9.971875506801844,109.82909937740891
2024-12-09 00:30:00,Batch_001,38.06390496158822,7.444447659370671,100.7019504469742,93.26567661609369,61.893624104564154,15.33511912874965,0.6434529849331649,93.54707943692907,9.400482866529629,111.18884268656427
2024-12-09 00:45:00,Batch_001,37.00648089875797,7.471707492950171,100.72746740862304,91.40021942967483,57.69365123960492,15.106127614283466,1.7233285928538922,96.40615964912718,9.681574220019147,113.23310528466803
2024-12-09 01:00:00,Batch_001,37.74821393934154,7.489796245045446,100.72496643956842,85.99744178035803,57.95520883918347,15.637428611635729,-0.9976831163895645,92.6309961474686,8.637804213578965,111.82820245573235
2024-12-09 01:15:00,Batch_001,38.15273459004359,7.351984257357538,101.05485178649333,88.6758285381305,59.95739377685944,14.959041185084782,0.8756203869915612,93.23712275189497,7.928568243129314,120.78948738876178
2024-12-09 01:30:00,Batch_001,37.431153194246086,7.540064912740611,102.34221251534053,93.84303707541412,64.1366010262337,15.399065821075194,1.3880404296489415,92.70601407095798,9.95269856425304,103.38765646889732
2024-12-09 01:45:00,Batch_001,37.049859502129756,7.316792906194601,101.01360484449553,91.02457123873981,60.259315347894024,15.044713021253068,1.0890958177806511,91.01670570293706,9.517689476818886,107.69608864591973
2024-12-09 02:00:00,Batch_001,37.07845359175918,7.4662822946348575,103.23073357087124,85.3489073305771,66.48636288031415,14.753359835954628,-1.0105084025917461,94.94919559191096,8.027393407525242,114.53050708983571
2024-12-09 02:15:00,Batch_001,37.23775527909162,7.2997855261564695,99.03852339478809,92.61067865448493,62.795151584134175,14.799636917195004,2.3850794056702793,99.57938998933794,8.069133374986698,128.75645600924696
2024-12-09 02:30:00,Batch_001,37.95624842282872,7.457268081330732,102.17289733093708,92.30136182765774,58.58750123979684,16.128217717634094,0.6372819594494233,93.22133950130637,8.828207679528642,122.421376336474
2024-12-09 02:45:00,Batch_001,36.70592733857979,7.509832070812767,101.65307517646033,93.95334086547984,65.45111719904311,15.012786287544671,1.5066100947417784,91.89529490032957,9.553372974717865,103.02420302536524
2024-12-09 03:00:00,Batch_001,37.40272400889291,7.382256480901509,100.76345787280745,94.72203913805771,58.108481117358444,14.49815401582613,1.2366837765653507,98.74639925183949,8.442369649824172,113.96426616528697
2024-12-09 03:15:00,Batch_001,37.682738768601276,7.401162147615005,100.56612555594447,86.92954408488025,59.16422346815589,14.600732184605619,-0.41171605433943137,99.25910225673695,8.773653374558512,127.18524881028385
2024-12-09 03:30:00,Batch_001,37.36318444343054,7.4234395029392255,100.6164920537325,93.39650791248897,60.7986549071022,14.64854715074093,0.7157551002145408,96.34115312102504,9.91209908166715,118.35527557150705
2024-12-09 03:45:00,Batch_001,37.299278099143585,7.330029226862188,102.68286372680195,85.55404886651459,60.2769547269161,15.455513020618117,1.5141724738718438,99.70723758314841,9.736604880047766,104.73458452251997
2024-12-09 04:00:00,Batch_001,37.007339020501924,7.4815089126643635,101.60134648160937,89.36607043359506,62.62731714451868,14.811219755673097,-0.9851126377314781,91.20735535492149,8.477192939915929,120.64398585489315
2024-12-09 04:15:00,Batch_001,36.21790955418045,7.286890886979598,102.70479712717459,85.47214117308323,58.169561929403166,14.770744524604867,-0.37360824409334215,96.51147440217795,9.95516748164396,106.65065848743308
2024-12-09 04:30:00,Batch_001,38.18745167999104,7.307060647011828,99.56772241586863,94.89648477376832,61.38582854888328,14.694696759222184,0.9389046951458311,97.92671971329614,8.074647777986998,100.43141790294547
2024-12-09 04:45:00,Batch_001,37.756486730677956,7.38492913206693,99.59173675651311,89.82248687333308,62.41293469047531,14.699121325848555,0.4210993258362391,99.34407503317702,9.488818376647474,108.40177196661489
2024-12-09 05:00:00,Batch_001,36.380282886912795,7.344466649528674,100.541807969681,91.9449932862103,60.501391860023794,15.18032580951721,3.2044902962689976,91.47967747015318,8.368416709837723,117.55400432628676
2024-12-09 05:15:00,Batch_001,37.997479244662685,7.191642332672639,101.59639215955467,85.5768423253872,59.78038752504717,15.28096934444361,3.246868582703942,90.63138635417532,9.4471034563938,114.94954181658123
2024-12-09 05:30:00,Batch_001,37.42781208778133,7.426515764463092,100.89314214529134,89.50503037647222,60.779831788912965,15.066362658657003,0.5501235417588015,93.98050063047367,7.5727780846354795,119.52038562444108
2024-12-09 05:45:00,Batch_001,37.122349795015964,7.242996707947269,101.59228105592865,93.67594731993496,58.618252731644894,15.151488121194301,1.6602728450886812,96.1834560327285,8.470330613833719,122.80066682155092
2024-12-09 06:00:00,Batch_001,37.871706056602314,7.312473641210248,100.72839302788292,91.40795616298011,61.269326405629876,14.733678160046368,-0.5634997972960367,94.5805491540489,9.281511903452412,126.3126071203504
2024-12-09 06:15:00,Batch_001,37.43308732030099,7.433511600284104,103.66789980780798,93.47654421335096,62.84105126703098,15.151959640519271,1.6205496492460594,90.7773614963318,7.735610976083629,114.21585824228961
2024-12-09 06:30:00,Batch_001,37.409269217918,7.45631608819426,101.38002169677875,85.83152713309819,59.360314265931535,15.284943841541791,1.234389979686489,98.96450609207713,9.817815004392884,106.49974611396141
2024-12-09 06:45:00,Batch_001,36.560247462978644,7.304488499458889,102.41852232346906,89.23906446985072,59.8505173459391,14.160098543584406,1.251908403719391,95.16202496812275,7.626882346698869,118.58782262545444
2024-12-09 07:00:00,Batch_001,37.421284460105895,7.361958161066054,102.23252413403105,89.55025962256659,61.98203359010842,16.04070175584192,0.8946342088522405,91.13906126863456,9.731923235669033,107.44817125953607
2024-12-09 07:15:00,Batch_001,36.74319200070259,7.3046589457560795,101.97745407839281,88.76631168326092,57.838432259914725,15.360693073282699,0.11581947049327268,92.12548361665894,8.561211007787243,129.63894772867258
2024-12-09 07:30:00,Batch_001,38.12921680929218,7.252847851289576,102.68416643979337,89.92156315539843,58.242682172215915,14.182790275944146,0.5692562000920331,92.92574998321628,8.052063448973401,104.10793758912165
2024-12-09 07:45:00,Batch_001,37.786952128380726,7.287205196193867,101.21584544135234,91.82188703337694,57.19470685612185,14.600105098573549,2.771507064825915,94.4942692136799,9.912785912877505,113.29947890686196
2024-12-09 08:00:00,Batch_001,36.6954268021737,7.5883854269213575,102.65085852281132,90.51063871753959,60.846773295013456,15.01224076142757,2.524314686300149,92.25666259317767,9.094632457060793,103.54105810479152
2024-12-09 08:15:00,Batch_001,36.01612204241949,7.412713323516635,99.85338877425797,94.28637410052637,62.500330256163636,15.137125706378189,1.1606405247682834,98.71814082905554,9.3837535111772,124.13657284086379
2024-12-09 08:30:00,Batch_001,37.62989460170642,7.36539960468778,102.32310402456493,86.78292174262027,58.34794561073436,14.033135003711772,-1.272715679312926,93.37497677144367,8.409046043287912,125.9042454764112
2024-12-09 08:45:00,Batch_001,36.91298017104838,7.553578333850001,101.53619464214533,91.66130818551886,59.55220183304282,14.061765946188025,-0.711560790059705,97.00895777119574,9.660839195648197,109.42005955418426
2024-12-08 08:00:00,Batch_002,37.54811412780604,7.581450446703426,100.60909627482924,93.39476642420951,57.046910635227206,14.49541771248772,-0.5361005846309079,96.47651421191912,9.501659522822429,126.25623530103357
2024-12-08 08:15:00,Batch_002,37.65077645262733,7.359880612756348,100.90336118445734,94.71019029324835,59.70758141920271,14.332287194793476,-0.550228397043879,97.899928433946,9.196440288762373,101.83729854049926
2024-12-08 08:30:00,Batch_002,37.930263965840865,7.442907436820487,100.80137550064238,89.50179188224509,61.858617485563485,14.48946639713528,0.478363002246416,95.22364792728865,8.799879844036589,126.84125661070993
2024-12-08 08:45:00,Batch_002,37.81089846741907,7.019745210788354,101.7967089779826,87.60901937668724,59.19733838732696,15.601060240710487,0.19846881281160633,97.56360796666775,8.194564246131115,124.78378424658948
2024-12-08 09:00:00,Batch_002,37.93238364625607,7.337723742714607,101.64629285179204,90.64062621031893,57.620326216415286,15.444322144739669,1.1930466318555055,99.41617161108238,7.659323625459565,102.83770344466718
2024-12-08 09:15:00,Batch_002,37.8181963981153,7.3945768970841605,102.1477702001825,91.51731957054203,58.26336131898761,13.864829518848289,2.181796241979659,95.39894547018847,9.761256099277725,100.54508841503791
2024-12-08 09:30:00,Batch_002,37.821811710505244,7.403120838677923,99.85872081290482,88.98320230507002,56.60815849800916,14.94286826219577,0.8550456239563542,96.95439154727406,9.483685330327374,109.60957631879083
2024-12-08 09:45:00,Batch_002,36.990601712415845,7.372320936151093,102.20975343059871,90.86136059878375,58.82287486324472,15.154894543015986,1.429215129130513,90.44660011253437,9.067296294581066,127.2734845755314
2024-12-08 10:00:00,Batch_002,36.847716707655174,6.682773787978285,99.67150024495619,66.5715454540088,60.6802128056229,15.24062579962628,0.5447665588312682,83.06833018878932,6.917927701496053,118.0496378399624
2024-12-08 10:15:00,Batch_002,37.392697351756915,6.604183855897232,101.0808584569698,73.54864296816706,59.675513173978516,15.170567251786554,0.946382471842928,84.92864642829227,5.925278418854827,100.59582708329094
2024-12-08 10:30:00,Batch_002,37.92266483653638,6.6434755954483045,99.98382275825442,70.77581230582763,56.962587504916094,15.34537441756288,0.3781919015945156,82.55070914310802,6.118316504143518,105.74175965261307
2024-12-08 10:45:00,Batch_002,37.92464133326508,6.543264115032074,100.14226811153532,77.57993003699401,60.35412113029749,14.402485988372156,0.037496037818140926,82.02233623340861,6.133653183852351,110.57907785510432
2024-12-08 11:00:00,Batch_002,37.10847441597193,6.566847958126753,101.37397108927651,64.83533052276135,59.31810692795711,15.595452351625173,-0.3390559491487619,83.7366627217492,5.7469563191859825,123.64181579284752
2024-12-08 11:15:00,Batch_002,37.76818147076306,6.76216604760755,101.74938260420492,79.2072608479872,60.12577989546514,14.68555054659668,0.5366780611879365,84.16642674028255,6.443538463012436,125.75832380951543
2024-12-08 11:30:00,Batch_002,37.67395384706163,6.8587590993694425,101.69426310546102,72.21905980437222,61.869699069491304,14.012572874590326,0.6441521586403064,81.50174223819249,6.131830157922425,126.30219878393405
2024-12-08 11:45:00,Batch_002,37.89341185250694,6.809182254490648,101.39328355724687,70.98391514363584,60.52235143837363,14.89865707645926,2.101288301664405,80.08451044544216,5.881577763261465,106.85581232952289
2024-12-08 12:00:00,Batch_002,37.322573367048676,6.593040393805867,101.02048875333787,64.71214291757822,59.090377900758604,14.859885654058276,-1.2992576171918666,83.3498461413565,5.712998706941888,122.94987284887291
2024-12-08 12:15:00,Batch_002,37.86693215357655,7.498454726771988,102.32422317650786,85.01894949159475,62.707754943772706,14.810926165330748,0.3255556038419984,91.05933992646334,8.507689858734878,112.39191805156514
2024-12-08 12:30:00,Batch_002,37.69373925745664,7.501413315622529,102.29839865981302,91.52216353579686,60.56464053627277,14.463353114181828,0.016529704245188737,98.03348341895017,8.387130181133884,119.54931203257439
2024-12-08 12:45:00,Batch_002,38.20973478037489,7.239965529534508,100.65244059215615,87.66873905533572,62.59679970323663,14.220788531461585,-0.022197193969585083,93.13673628181358,9.190751533261324,102.65936659504148
2024-12-08 13:00:00,Batch_002,37.7446032925256,7.272846629977062,101.87447963889683,90.17462362968749,58.70999655150087,14.81091701660585,0.06127136052085835,97.06558601898823,7.869595459102608,110.99503094444597
2024-12-08 13:15:00,Batch_002,37.62558819698147,7.288998504309506,102.26516341426891,89.90880387509023,58.95027995875842,15.334575492362491,-0.2664616909711466,91.6846472004126,7.565226259823506,104.13893270886354
2024-12-08 13:30:00,Batch_002,37.68785505120081,7.26730158524988,100.45171623045907,86.58315983303126,59.446047861360064,15.082003043837569,-1.5090646661207978,94.53557823843627,8.372990129634372,105.31291550311485
2024-12-08 13:45:00,Batch_002,37.593072466507145,7.31995866570185,101.8132539604507,86.96173465327664,58.464091181161045,14.266779032314926,1.7897842282033318,96.43727183476106,9.907763033636096,111.32878262837181
2024-12-08 14:00:00,Batch_002,37.98094279573319,7.471821195375186,102.27607115319213,94.47348763074734,58.243307400364856,14.690519056275448,0.8020977653381657,92.78642972028368,7.916073491139403,111.10071343945644
2024-12-08 14:15:00,Batch_002,38.29487746026164,7.369524246287167,102.0544934760415,88.15267960776747,61.878300849967374,14.857469368781612,0.01186683435951319,93.7439118939643,9.297112750037632,112.27986970418068
2024-12-08 14:30:00,Batch_002,37.37883911349907,7.335231335378698,100.90618445620477,90.40996612693527,60.510740646507756,14.964955267861628,-1.2272578486244832,97.70691680241735,8.217786996648849,109.26404480965242
2024-12-08 14:45:00,Batch_002,37.89245495578015,7.318754608385898,102.04822376106019,85.4641344785213,60.21966693316093,15.895331352227862,1.3110760639134726,97.71148571889074,8.953525455088231,122.69215152308374
2024-12-08 15:00:00,Batch_002,37.10418558951113,7.347498058555926,102.32232407059088,88.02908786481284,61.78018551640452,14.735928199168175,0.37782513169947607,97.96719469026907,9.60385092462936,109.38035443567549
2024-12-08 15:15:00,Batch_002,36.881965184449335,7.4162543276164214,101.2343321700923,91.9037549654121,63.40703865597151,14.709755925106148,-0.5066396141529164,99.02317802904798,8.982612178187466,125.57487688366218
2024-12-08 15:30:00,Batch_002,37.69199215036649,7.467340606560562,99.37063930380194,91.00247631752507,59.13282579477,14.774168947560637,0.6056722606999927,97.32768540013711,8.311728218688437,123.31273773202344
2024-12-08 15:45:00,Batch_002,37.27925927685864,7.378513306142147,101.83341317710153,91.5271358576775,62.82748475223897,15.62885151383097,0.5687241013612211,90.65399596313078,9.230973727061542,121.64206813733462
2024-12-08 16:00:00,Batch_002,37.58808755046189,7.59741701318462,100.13674559559779,85.81199006808534,58.39309244172459,15.307719870198232,2.361026030935047,94.39086116135013,9.285835506969002,103.8230414827948
2024-12-08 16:15:00,Batch_002,38.17458453805418,7.457203790489273,100.70340348680826,86.38974661822054,62.03692127518597,15.435704859185982,0.7802791394485667,90.34841349414928,9.268729319895966,121.23874627551943
2024-12-08 16:30:00,Batch_002,38.02124027788294,7.247154342491492,101.34120870171952,89.51358843171357,58.05574474028633,15.70516691902932,0.509416325283969,93.84504481228605,8.799133026421739,129.07482735110366
2024-12-08 16:45:00,Batch_002,38.1723822708226,7.358686925013531,101.2307915079307,94.2866335471908,57.727336689525,14.154225946232971,-0.3188605763005332,92.04897010652768,9.223466332505524,112.19467489419785
2024-12-08 17:00:00,Batch_002,37.46538046559272,7.328609234029639,102.60361000710063,88.56836112275865,61.26221002538545,13.972679881404396,-0.141386171335374,93.45420323391619,7.604338772412626,118.47379714869643
2024-12-08 17:15:00,Batch_002,38.150891830634585,7.529259274613638,102.69117287035384,89.33592708900127,58.064022400554386,14.724125703261642,-1.9074116825461893,99.9834925090932,8.180728135877157,120.50272232968794
2024-12-08 17:30:00,Batch_002,37.693920835791914,7.528802643123039,102.55460412932487,92.9491404003376,59.98580480627851,15.111656509893825,1.7981484185424634,90.49632457657712,9.650522918728843,102.1058068334162
2024-12-08 17:45:00,Batch_002,37.87330286531578,7.437111448988035,102.09303180796962,88.84534548120104,61.41714906531082,14.9233361156528,-0.8332242744884679,98.46180245359709,8.592301609220225,126.28784103939907
2024-12-08 18:00:00,Batch_002,37.56870521106231,7.407484899708625,101.7722407321782,85.67432361772585,57.3858637562421,15.335540583215703,1.076301058108364,91.18539564323694,8.231675219775974,102.88536521818655
2024-12-08 18:15:00,Batch_002,37.38233149753103,7.29023207937064,102.63238680797453,85.58524722045075,59.81206086459055,15.56961306273777,1.5223256714146687,93.7637294587237,8.551860201728433,116.98502099159012
2024-12-08 18:30:00,Batch_002,37.243348700736,7.486584323677186,101.22513875428763,91.278135238335,60.711880802372626,14.748646536801097,-0.5794412174360151,93.48657449925525,9.616766862144228,102.09546966000552
2024-12-08 18:45:00,Batch_002,38.04052057772674,7.265015529189423,101.11245002338136,91.97919246925363,62.17543784427927,15.363665739721322,-1.1883958384875106,96.7732708374549,9.521076945879242,125.03954727731897
2024-12-08 19:00:00,Batch_002,37.628409528012654,7.316765496648162,100.8755375827602,85.98594617195977,62.51171846445776,14.555903846942494,-0.20779661450687703,99.84241010462021,7.955238242154241,119.40208758991264
2024-12-08 19:15:00,Batch_002,37.97619733110534,7.470029284454118,101.66161444618751,85.25938157094701,58.44281520631529,14.277229244526609,1.4893322961917579,90.12635784277451,9.371386133940504,112.90809929403258
2024-12-08 19:30:00,Batch_002,37.281938369612035,7.103064424698095,102.72531491036868,92.79709827976643,57.485167236217436,14.238504038785623,0.15064033871574278,98.65189505346672,9.36879879752361,127.9777378519856
2024-12-08 19:45:00,Batch_002,37.307691844527355,7.568786288810139,102.63995351860842,85.1174612898321,62.119396924541924,15.38186369665829,1.9196135843362916,91.08339702561571,7.561915587852142,107.45033149350715
2024-12-08 20:00:00,Batch_002,37.23363415404672,7.275314166253806,101.85187579915974,87.13457525248391,61.053866204962624,14.908062813080562,2.5240290208760485,94.03563770375712,9.116796758086666,106.25317288999021
2024-12-08 20:15:00,Batch_002,37.92571284534191,7.491589080113092,102.79371189989332,93.7551188399961,62.1433522199171,15.121472513949143,0.3758183148771235,92.9049726594844,9.858620998703934,129.97086274292374
2024-12-08 20:30:00,Batch_002,37.06980652989739,7.242461993476905,100.9394111490296,86.69169299599453,62.40514027101793,14.959732987301678,2.194308024280907,92.7257565643404,8.64602778733154,100.85024553452571
2024-12-08 20:45:00,Batch_002,37.44652146658977,7.414436565635781,100.36380237660481,91.53738691609934,59.815287658280276,14.584903581315313,-0.1891356788319155,91.6304297498254,9.31855621674596,111.10967104433718
2024-12-08 21:00:00,Batch_002,37.49503199997184,7.594844605675338,99.19587228353544,86.25137136470887,62.09666522699963,15.118817025006877,2.9266651105603465,93.24817103786188,7.516285568191342,102.38276279335152
2024-12-08 21:15:00,Batch_002,37.5090421718009,7.208360631468039,101.79869422944103,86.00289857668318,60.42135651039625,15.00859652744565,0.9001042088776087,98.56644739486649,9.69051450250954,117.97762864044935
2024-12-08 21:30:00,Batch_002,38.167633596838805,7.403222165775913,104.64095549145722,93.23204366188098,59.95263948355837,14.656599826489485,2.3604467370412805,98.95330476874545,7.856922998454684,110.26633764182682
2024-12-08 21:45:00,Batch_002,36.739962259987685,7.284596903259755,102.02966768360398,85.32079469622626,60.52800747340503,15.691615666159073,0.6396504018671996,99.79932015742938,8.820652894807175,118.14583116305494
2024-12-08 22:00:00,Batch_002,36.83313472299736,7.279670907199098,102.17858918277676,88.39388558574402,62.386774058375565,15.398465941574555,0.10457931745062743,99.66291880420506,9.926127780793923,123.78727490105287
2024-12-08 22:15:00,Batch_002,37.25644381820399,7.456709774178681,100.55456532271359,86.81240598209934,59.14179117403891,14.590561748282994,-0.9115116525356333,91.54125710100573,8.604249098021294,118.07018879180745
2024-12-08 22:30:00,Batch_002,37.79789793697912,7.371437363643653,100.82773276440867,93.63269085205224,61.467958745580255,14.871041259917442,0.9507718744296658,95.72873167805214,9.2035575392193,128.5815297230958
2024-12-08 22:45:00,Batch_002,37.09066379474948,7.211274636651688,102.73463655318459,93.16977928663326,57.25611385995828,14.780996114983092,-0.6782982314709356,90.60294745469872,9.960785551701928,107.29270856709996
2024-12-08 23:00:00,Batch_002,37.505976258902635,7.527115601546702,102.17928824210428,93.20193168270897,57.610106552261,14.734368309491195,0.6749360126360101,97.16153663263188,8.001000479055186,109.8952982441311
2024-12-08 23:15:00,Batch_002,37.859378288991024,7.371777622804834,100.80534164793067,92.15336008313206,62.25936964036825,14.47699921129212,0.9511852238232568,92.56341790632483,8.044120490672153,106.04375710858994
2024-12-08 23:30:00,Batch_002,38.12644552654552,7.349756696649189,101.89831373104809,88.76500952928932,61.28986624036118,14.856851965610417,0.3770863250297439,98.4746166161774,7.6969136126228594,127.37946396124269
2024-12-08 23:45:00,Batch_002,38.0258447970549,7.457093321628408,101.55107152236789,87.94280132904812,61.12888925095827,15.543673194606994,0.663927926592258,95.77285694341708,9.335671971472907,108.42425299929624
2024-12-09 00:00:00,Batch_002,37.31961131204908,7.594047388447138,102.71402495400798,93.82758510991556,60.169989429546874,14.505379915032952,2.357585957995224,94.52523633657029,9.641457893956881,106.64085894680022
2024-12-09 00:15:00,Batch_002,37.76043715435527,7.406331383762388,100.46267091141902,94.89708539912044,61.5493852728844,15.083125598456515,0.5867114296403397,97.1336326977753,8.73270957988474,119.2501905568502
2024-12-09 00:30:00,Batch_002,36.804139541199845,7.537196755158014,100.69054638834422,85.43669018873459,58.35303017427179,16.2230852441382,-0.5013074943951308,97.94344002289562,8.05834171541402,110.55043425728722
2024-12-09 00:45:00,Batch_002,37.98152065491254,7.3365031712703415,102.9367542211314,92.5494759666224,59.77704096044504,14.672997725822926,0.5785397334939754,95.37146433100025,7.75486393208861,125.50868624582316
2024-12-09 01:00:00,Batch_002,38.17160856198973,7.334180761769783,100.88847551445637,89.22488904971372,59.13401120257329,15.380703762878529,1.7212519596893796,97.07082837979573,9.524230901710254,114.83598455699577
2024-12-09 01:15:00,Batch_002,37.61657438712598,7.470559692680917,101.53267789771225,86.64620625794002,58.82216704289296,13.46057201977057,0.6683181269916453,98.49806170243626,7.628661550621053,102.0978842027668
2024-12-09 01:30:00,Batch_002,36.91013507441426,7.371153518954273,101.54055531660899,86.70744731309563,58.79172154141812,14.440579006067711,0.99021427929258,99.06982693408021,7.505049233159858,108.6544764469506
2024-12-09 01:45:00,Batch_002,37.74298390700485,7.331881647977498,100.85256349391031,87.54985770156014,60.65175954613693,14.776322250066247,0.2663201267894494,94.56532890327581,9.757674816851722,114.41108430756273
2024-12-09 02:00:00,Batch_002,37.62235800024781,7.272553508464776,101.57871675960442,92.65603315930251,58.345750622849664,14.774597966218865,2.698410270687373,94.0735670221575,7.504297509826536,103.71921497962103
2024-12-09 02:15:00,Batch_002,37.43528853639217,7.376050026438759,100.56175204436185,92.49705665531704,60.87632322284658,13.85117276213022,0.8357979460160555,93.3441511725889,8.153838581216625,119.49491526819699
2024-12-09 02:30:00,Batch_002,36.38538310353451,7.356103496745503,101.96378650127191,87.27410603228094,61.22217864002821,14.525199231390777,0.7495220468804346,97.9562136716821,7.719771394675683,124.82998886835553
2024-12-09 02:45:00,Batch_002,37.34696227414963,7.378629164969018,99.13523459198571,86.02793227140937,59.04759885196532,15.113359182932063,0.6830463070140189,99.2680702641592,8.852151830741914,122.15558085393593
2024-12-09 03:00:00,Batch_002,38.019297316785654,7.534700064151886,99.79666176818797,87.92999418879995,58.275549484473935,14.33801652482415,-0.5685693974823616,90.35911777979337,7.580721038208422,121.60890604803558
2024-12-09 03:15:00,Batch_002,36.50966162136343,7.3958016843238745,101.48955272351819,88.5159573231332,57.992808107334994,14.940749741367009,1.10446501254845,96.69275117580374,8.732250352733903,116.94810796839987
2024-12-09 03:30:00,Batch_002,37.76004640923527,7.49059241453251,101.57409841302105,91.21961311976068,60.948521310908944,15.89191456648748,1.5608749285989445,93.2947401823883,9.322932834024936,129.8057883443599
2024-12-09 03:45:00,Batch_002,38.262974863336495,7.466541340660073,102.07098442465029,88.5959112195222,62.43689548852217,15.018802660553936,0.1757866812481006,92.58294832228151,8.358640196064213,114.95818577538772
2024-12-09 04:00:00,Batch_002,37.750635684216526,7.330145821376963,101.83478028351213,86.57765560820354,61.707936733526985,14.048282735810215,2.1167381269586194,95.39397945708308,8.796605332979372,101.10304669646445
2024-12-09 04:15:00,Batch_002,38.183608919832686,7.473800971124254,99.49970352770985,88.04501802919722,58.80114085548919,14.808669811539463,-0.2905560924876789,94.983316391645,9.493403994175289,107.47851881903779
2024-12-09 04:30:00,Batch_002,37.874022026011474,7.577982109546499,100.54305173547115,90.4775894143477,57.386618474074666,15.505907212128875,1.5127464531438766,93.60905636449606,7.945812641932288,116.19519117830183
2024-12-09 04:45:00,Batch_002,37.41878789881417,7.412815384617612,101.54802241431351,93.04824149186686,59.54497476192097,14.999570527187183,2.0028578733708127,91.21594358174077,8.110908060098355,117.17753726342869
2024-12-09 05:00:00,Batch_002,37.00829947419606,7.339379784785565,102.13195251291357,91.56003399372884,61.99501110889922,15.26933221022864,0.6208425248715213,90.8151063069995,8.136864975565354,124.98150159251296
2024-12-09 05:15:00,Batch_002,36.97376816450509,7.459201094328858,100.45659921321662,93.666432581541,59.591116242574635,13.601890527516371,-0.5716856090890075,98.60219159362589,8.753555241728101,121.71445227275598
2024-12-09 05:30:00,Batch_002,38.2331523939116,7.319478150823392,101.67949414913703,91.90205854705879,60.792523379941414,14.103375812678717,-1.7928766505604392,94.84232180968411,8.21457206776046,115.56624566749093
2024-12-09 05:45:00,Batch_002,38.22185100973363,7.6146972456084505,100.75119158396225,92.0596513595857,58.53817374854068,14.694757418225846,3.1568484715957617,93.73286496344222,9.83177122951643,101.22281269204305
2024-12-09 06:00:00,Batch_002,37.63659157520426,7.610122113230892,101.93427791213662,86.08319968239218,58.7177611333177,15.069830906637776,1.6150803147695427,99.1176218760282,9.818087001611978,117.87584944138726
2024-12-09 06:15:00,Batch_002,37.915309391731654,7.367419289955216,101.57390914760948,86.87237909277555,60.037625372116715,15.061550053546759,0.6132809246882639,90.46772072310678,8.73091479056549,120.34967114719919
2024-12-09 06:30:00,Batch_002,36.80469099413044,7.452327564443505,101.14631488765154,93.37544269354026,58.9349246712391,14.25536584954007,0.13641597106397318,98.64166138533977,8.627342393596289,129.37218573154928
2024-12-09 06:45:00,Batch_002,36.9825251894369,7.422687912601922,101.03266972310391,89.29960311532959,59.207361292856696,14.829395608864335,1.358552747728302,95.77536532220958,8.192990269449686,112.09016929135281
2024-12-09 07:00:00,Batch_002,37.110669845421846,7.442680963407267,100.25964397918216,91.211970393956,60.54029056918083,15.69519688899124,1.096191145352433,99.13377966523215,8.438073451531869,117.83242224481474
2024-12-09 07:15:00,Batch_002,36.62899803105967,7.228057044750951,102.33437269118858,88.73634481753065,58.72381672093536,15.38689092053203,0.14277501506053725,98.9984716032824,8.271379276513581,107.5334040909157
2024-12-09 07:30:00,Batch_002,37.49314571334124,7.553408080162226,102.00641020193427,86.09904778318159,59.35078195242376,14.712606326856632,1.1112445365134656,97.45640689140092,8.137055173325988,111.315592515221
2024-12-09 07:45:00,Batch_002,37.97850680130548,7.316241410537256,103.01154650500823,93.38579194815031,60.58295716526271,15.689727323147164,2.394351714638715,90.0189005006592,9.985332069691456,120.58413543323564
2024-12-09 08:00:00,Batch_002,37.626214121517286,7.5269558552371025,103.00014070260114,92.31272490402041,61.57453087490869,14.874950461874212,0.8186405177012168,92.75475017203358,7.9348621119420155,117.04683243276989
2024-12-09 08:15:00,Batch_002,37.601672136208286,7.42600438708253,101.19624225726619,88.85642366617455,62.51536431480937,14.329058890390208,0.21437029323086088,92.5488070562681,8.953551129927673,107.06063042694336
2024-12-09 08:30:00,Batch_002,37.60791334456227,7.4433269700051845,102.7712495217469,88.28789842735677,59.34516824441252,14.819985656554774,0.6913922353981757,97.91880022583013,9.808140681122381,126.23017007736692
2024-12-09 08:45:00,Batch_002,37.415768089885056,7.345634564689253,102.44019183727701,87.10952857169282,61.93339820377055,13.866166583810864,-0.2782446323863581,99.80897844903686,8.453725750157568,107.69146728546374
2024-12-08 08:00:00,Batch_003,37.33606542986731,7.3831192416795695,102.44104254034366,90.68363905827738,61.81095738975775,15.341601228797991,0.5117990367474121,98.02402531616217,8.15121532926345,118.01900326442495
2024-12-08 08:15:00,Batch_003,37.14720429009349,7.249921443116532,101.01600642864693,94.42339769329126,62.257293658423265,14.25037987905891,-0.353690864155493,92.53290061652882,8.679616209346275,116.40957933550747
2024-12-08 08:30:00,Batch_003,37.691816131006846,7.3837409140440595,102.73795023830951,86.719142364516,57.24815642329924,14.268772595751159,-0.3855156304284506,94.96847036708292,8.467875088532825,105.7496143179559
2024-12-08 08:45:00,Batch_003,37.40413004223605,7.371365707620113,99.85974039304911,93.49845144797676,57.01902304982896,15.453028386503153,-0.6447519122690053,92.68715424689307,8.707996564903548,121.25509876639867
2024-12-08 09:00:00,Batch_003,37.503632808887616,7.497346303210536,101.62086115191546,92.49429598039134,58.24216673958003,15.141139668644367,-0.4654741638931077,94.15909481294568,8.959708710651519,118.05788009509632
2024-12-08 09:15:00,Batch_003,37.733864811282814,7.349914122335905,101.58464520464976,88.3221582017415,61.384686545945,14.766353848089521,1.27043989572907,93.1625174742402,8.972123398752617,119.47887153464586
2024-12-08 09:30:00,Batch_003,38.06138974846243,7.378576913962699,101.86791666435182,90.67288695755178,62.959746012651976,15.201991205847593,1.2060811245513121,98.51655756155705,8.532548006015432,104.56395336213245
2024-12-08 09:45:00,Batch_003,37.716122048244614,7.334413582119926,100.22273406072078,94.0631411809324,56.15974224133965,15.239948064447287,-0.1253938896017639,95.8221166388429,9.344826330834042,104.93684287542708
2024-12-08 10:00:00,Batch_003,36.87476875771947,7.362181657675298,101.2078154914689,89.97858862565876,58.251538034460836,15.180888490541038,1.3535753410079012,93.10451492612276,8.650948680434464,106.51819665865918
2024-12-08 10:15:00,Batch_003,37.55750231106386,7.249516171409243,101.6987421473209,86.37985459042423,58.691743281615025,14.989810280165834,-0.782574579127858,91.37028284570552,9.19446199537023,105.0036428843168
2024-12-08 10:30:00,Batch_003,37.90159630422413,7.366347065629976,100.55782447216014,89.06355401097484,60.22163852642068,15.165943948894169,2.1199621699238955,95.06769481668726,9.246861197937365,114.1390239049765
2024-12-08 10:45:00,Batch_003,37.4224432165759,7.225201716381434,102.78748702541151,92.18727529949652,60.59134859235116,14.467080816224376,2.058224613051899,90.83491344526502,8.735444555711922,127.50801666800947
2024-12-08 11:00:00,Batch_003,36.88414483283793,7.509740404266044,101.8959544119089,92.84545965306481,61.0894319980408,14.301677827451655,-0.6687807141492632,98.38490199897234,7.933054009640685,112.87537851863131
2024-12-08 11:15:00,Batch_003,37.34936942102081,7.372708107943673,100.45850369955134,85.35918723349059,60.78087451664932,14.789536715123486,2.0971821655797234,96.75310128298824,8.576381443403005,109.09960539682689
2024-12-08 11:30:00,Batch_003,37.097072190680116,7.309985109314218,101.84511852663796,85.95824655735315,57.88401787355198,14.524093537269543,-0.029926308765704235,92.27582407024211,9.85515349066165,126.91305498280931
2024-12-08 11:45:00,Batch_003,38.17768405526094,7.459861714715603,102.20492308731589,89.01786241679748,62.47535483803316,14.484262346247345,1.3155738350730135,93.99031813572877,8.56466242730577,126.37133991014394
2024-12-08 12:00:00,Batch_003,37.6187086744691,7.703563141608397,103.12766833992872,88.35911572079998,60.54164572820667,15.213780867260557,1.0132182118221764,91.68377713645117,7.971808608713074,122.40214118055752
2024-12-08 12:15:00,Batch_003,37.43499288115225,7.305108678562773,101.95526018918711,90.40668592883974,58.16198708309789,15.086251986793942,-0.6909714891977683,99.7791208577306,7.611447411347071,115.2710699413718
2024-12-08 12:30:00,Batch_003,37.6546946237037,7.454800804702855,102.43104590382818,94.66182241574113,62.306248320779616,14.937790392992387,0.47341751747178457,92.78701529240728,8.86832985863098,107.45610404311735
2024-12-08 12:45:00,Batch_003,36.86801325901041,7.35725193896958,100.9089217099466,87.5164296368507,62.9372149598245,14.494321367508663,1.534155063407968,93.67977186561689,8.717063902567595,120.77936476153396
2024-12-08 13:00:00,Batch_003,38.17705922816292,7.359170048008189,102.38042740551354,94.91401795673026,59.53844985634354,15.427561469308435,1.0246159922679137,95.90783038510415,9.127954650610567,121.99147383525958
2024-12-08 13:15:00,Batch_003,37.810981045111234,7.444608981495135,103.32257763207532,85.2510289490885,59.69886779909289,14.890587302995302,0.7142157347677097,95.44493454726128,8.45518231858258,104.88653358817089
2024-12-08 13:30:00,Batch_003,36.817008982274686,7.485254804680876,101.70096617343378,89.45797143491247,61.21413714230994,13.868061469791588,0.3401304890388697,92.23616847254543,9.764193654137898,101.93079732221453
2024-12-08 13:45:00,Batch_003,38.18343433825686,7.545020396607151,101.25240172858457,92.6809168188036,61.74362098418963,15.292652305169355,0.1684398176814904,98.96935738659437,8.519860563389816,100.25604918802053
2024-12-08 14:00:00,Batch_003,37.87159512366608,7.39615419929686,100.95337612336641,92.86349368568239,58.326254947975606,14.781445151254193,0.5375406611154883,91.84492869355823,8.791026452068765,114.30301658527122
2024-12-08 14:15:00,Batch_003,37.29388108621874,7.229874509365767,101.02382752760258,85.14640694015279,57.0952995972585,14.21047447160961,1.533882175746442,94.4891934903512,9.856290072509092,123.08114148685657
2024-12-08 14:30:00,Batch_003,36.7703115003937,7.332768456026051,102.84294978764163,88.33455443560707,58.48351161284871,14.974084859986155,-0.03042095170936132,92.96593120106354,9.209723794053279,116.11202414499616
2024-12-08 14:45:00,Batch_003,37.45799407954546,7.358559177026521,103.46534166860168,91.75430487538601,61.3983373448764,14.437900971330656,-1.0962183378294945,90.592114343186,8.92940219213273,125.96328049340374
2024-12-08 15:00:00,Batch_003,37.8236284673633,7.352134911106776,100.73039079791172,87.35288519659413,59.4992121347737,15.388388086826895,-0.870275330190228,90.7955815991907,7.656242782610793,111.70573911023835
2024-12-08 15:15:00,Batch_003,37.480310009441666,7.500209515357945,100.86565146700511,90.39145741233385,59.54897620610049,14.83722147770363,0.20938970345580565,96.62154410167697,8.686945716527244,119.62262059550844
2024-12-08 15:30:00,Batch_003,37.57024115137541,7.565281883523188,101.42909341589528,92.85188078602461,60.44750817726169,16.12674941049558,0.524746986876694,91.58252571133988,7.594588147918041,127.98431702926182
2024-12-08 15:45:00,Batch_003,38.27765243932548,7.362167885131415,102.24888157651841,93.23574140646431,59.609548095833205,14.303205189482105,0.24204668881247238,95.4151934444654,9.48997150657561,115.44547267243695
2024-12-08 16:00:00,Batch_003,37.94157602546067,7.420993239084681,100.31256778300077,92.03459570344566,60.305647800525115,14.606936412735317,0.0031294916395566696,94.91554690534412,9.409267400624579,119.49321487053119
2024-12-08 16:15:00,Batch_003,37.31470315964215,7.411558196598532,101.61884300827725,87.49441411271667,65.5937016997485,15.355763177143523,0.9421595144794828,95.9786896830685,9.285426168021345,119.17810422672126
2024-12-08 16:30:00,Batch_003,37.65168128381775,7.41458031941205,103.03911511482275,94.03715898356316,56.407749132514084,14.939385403076995,1.3332481816524486,99.25125050377599,9.47913124616172,112.67301733167285
2024-12-08 16:45:00,Batch_003,37.524798772583296,7.34904589970809,101.82993578030639,89.84472330111196,60.14785631983515,14.94653583683365,0.963741734274686,95.3071843403862,8.48945610974566,115.82317015461288
2024-12-08 17:00:00,Batch_003,37.33182877942114,7.496378525141947,100.17595637137504,89.52453055045262,56.12844928024804,14.886291708230365,0.011610942761177578,96.82724446447749,8.88281700733728,104.12679846654473
2024-12-08 17:15:00,Batch_003,38.34827255077249,7.435085182454885,100.81998763586695,87.55832798113292,61.52440559019874,14.890566376904149,1.7815160484788586,94.91769493216563,9.790629168473949,127.87449020550415
2024-12-08 17:30:00,Batch_003,37.6014086902622,7.353260832092186,101.05478576851532,91.61135096361424,60.38463837561391,15.024205596773344,1.404121568147148,91.2958151772691,8.627597783842887,120.3866693396634
2024-12-08 17:45:00,Batch_003,37.12748468745796,7.4642945208878775,102.19825937825576,86.11116005807278,57.19276461987587,15.106580175742607,1.630820989285826,97.64696377439321,8.352217578281817,101.79108018514465
2024-12-08 18:00:00,Batch_003,37.765919133990046,7.335173981140038,100.2181467299877,85.00696700684341,62.545983689507395,15.486479054495915,1.383453538527033,90.64647080540541,9.909312327733332,101.49229391210365
2024-12-08 18:15:00,Batch_003,37.13589712629991,7.413099175018595,100.70027921788142,93.17505821013336,59.067535806551405,15.28000079319815,-0.47802945196607016,94.07083310148843,9.814663863774713,120.87581913983452
2024-12-08 18:30:00,Batch_003,37.34672294388839,7.3489199679094845,100.36577479747969,92.09301782506527,62.539825358330845,14.889101946248973,1.8572129923637748,93.81683982690282,8.217278696437328,102.13111579632908
2024-12-08 18:45:00,Batch_003,37.60286665594836,7.172031480401973,102.48123199992251,89.8255234119683,61.04714967184459,14.842519359056787,1.0782133611516083,98.90085269428529,8.551522053414029,103.82925911095028
2024-12-08 19:00:00,Batch_003,37.59826697595995,7.39224992647474,99.98410343576596,94.4129209439677,60.32764556527913,15.131974407739223,0.9975594623800244,99.70620915999432,8.410109191060412,110.78909547388903
2024-12-08 19:15:00,Batch_003,37.63268300632687,7.415058170261519,99.75403889318069,86.9533562963194,56.54548777968426,15.005028990907476,1.8335956888511893,91.40745575451855,9.14211303974508,111.44695325415314
2024-12-08 19:30:00,Batch_003,36.74284240350744,7.504025977974115,102.09368644494543,88.01308033520006,60.604298215233456,14.876482207829204,1.1711288266490327,93.38963802638871,9.42175497345326,105.51372484330045
2024-12-08 19:45:00,Batch_003,37.7043853033181,7.447717043652998,99.67909208730919,94.52608665669314,58.936388355127434,14.867693501790662,-0.441014355800029,95.75149935687217,8.69523130093516,125.22032496449994
2024-12-08 20:00:00,Batch_003,37.37867621283676,7.4065759453806725,102.76927107244552,85.95929396307216,59.24686116271192,15.709033150710003,2.3236164333830955,99.6079850163117,8.180998356339053,120.97735572842984
2024-12-08 20:15:00,Batch_003,37.578000360234306,7.386374215360897,100.29293106619163,89.34941552878077,60.414217851881745,15.409102102000219,0.4148713966883354,99.77155683785746,9.347860557783441,121.65037479519594
2024-12-08 20:30:00,Batch_003,37.357143030887805,7.418502378876172,101.54759754414218,88.21271284422527,63.55531984380936,14.811073292562458,0.27984730212928166,92.56824053276324,7.695655889387378,113.9245478700232
2024-12-08 20:45:00,Batch_003,36.966810090714176,7.296492965535618,102.51121343070517,94.66936946536997,58.54509282623396,15.10764108567589,-0.5695088413056701,94.86288447041797,8.092751992069227,103.73158310982727
2024-12-08 21:00:00,Batch_003,37.83850350732469,7.520023159405615,102.12555452662905,86.50120205353011,61.13172183019279,14.676168910711677,2.339225284161816,90.13824371014822,7.598827736314728,120.49106847472048
2024-12-08 21:15:00,Batch_003,37.55313918306489,7.3288549387984645,102.3645176236794,85.62673728415706,59.641410852910894,15.0305942752666,1.6538021383934394,93.8854054427259,8.786215119436465,117.7761832579201
2024-12-08 21:30:00,Batch_003,37.97451123093602,7.3225966641002485,102.3239095624809,85.1707967916599,60.439397294735464,14.388434951414142,-0.9690992309505988,98.3536320431063,8.167462837754057,113.75028312493464
2024-12-08 21:45:00,Batch_003,37.62601743834805,7.615611074025214,102.48480728863844,90.88445346734505,62.48372970422284,14.79046940014003,0.7704884443906178,92.43886616640162,7.697552815714976,129.32697228368858
2024-12-08 22:00:00,Batch_003,36.94984609748419,7.342449844913979,101.82951655804146,88.1716880422845,59.84308864923498,15.334892407843476,-0.17120551279090068,92.8535048678412,8.276994897336944,118.78807575603558
2024-12-08 22:15:00,Batch_003,38.08505118062551,7.278853737183627,101.82776027298384,93.97116023228187,58.59321950819091,15.523953888750732,3.319050225356759,94.36138516987687,8.870006098330787,113.69929394459085
2024-12-08 22:30:00,Batch_003,37.3220692795598,7.250177935062703,101.27100079589279,91.26622684517152,62.695105736237814,15.386496638109849,0.3320651485371555,90.00393724909986,8.281052257976198,125.23982601656226
2024-12-08 22:45:00,Batch_003,37.33350027601916,7.327805217621371,100.07415861880328,90.83716419024314,61.58337233555852,14.466362949827502,2.4069918860371926,91.9563650698558,8.837096724013133,126.38894157457759
2024-12-08 23:00:00,Batch_003,38.25320507330765,7.396288540614932,100.57172961340305,90.18725336917488,60.16739297967739,15.257243460000131,1.3387662080384213,92.25531698351051,9.851481119217231,125.9860932946058
2024-12-08 23:15:00,Batch_003,37.28486076863605,7.315292286749278,101.94165665904131,92.81776371135543,58.6661380189955,15.134655967295965,0.4807590851352302,94.59047259475372,9.917283028455959,106.74685299897658
2024-12-08 23:30:00,Batch_003,37.25126703700469,7.376843718669266,100.50371030607889,86.84731394955357,60.49694944658293,15.15586452247292,1.0255827241520805,98.0406712701838,9.788577432120206,128.20810820433528
2024-12-08 23:45:00,Batch_003,37.23595434332493,7.389854802501263,102.0300275380156,92.8607853277887,59.039245093513316,14.260688000625981,2.008607553616137,93.55586020892444,8.720490272848764,125.81568304908478
2024-12-09 00:00:00,Batch_003,37.94689011853464,7.503743786667621,100.43531279482379,93.55133676466016,62.05835573854315,14.251520259017184,0.47491769871052947,94.15605854044968,8.931119658976282,123.21959110128293
2024-12-09 00:15:00,Batch_003,37.550240297503116,7.568844659926863,102.3939887883481,92.79861780221327,57.70220860695505,15.035815690678058,2.0590434947921263,94.10089232997151,8.753993722574533,105.67709141938317
2024-12-09 00:30:00,Batch_003,37.44982439586567,7.458417306075362,100.8130650114811,93.61660132697901,62.042013271124645,15.346632910412037,-0.5236818719030918,93.38236396518653,8.83649971992454,125.43876006255854
2024-12-09 00:45:00,Batch_003,37.11161446996146,7.423800848104562,103.3834388253508,94.76793766187379,60.77390764889278,14.815456074735357,1.3574480321336169,92.9635306262977,7.817868706214275,113.28900763799776
2024-12-09 01:00:00,Batch_003,37.32975783614473,7.347602789104653,101.34553806632822,92.14611503108723,60.98450487784963,15.495584957333827,-0.4760935271035265,98.58707132514971,9.787982060722555,112.1453609555594
2024-12-09 01:15:00,Batch_003,37.957045691822174,7.372193441259989,101.8827867057754,86.26176960746734,60.385337662220934,15.465228574325753,-0.25052870642254765,99.72222419489631,9.57258448911901,111.68413899131293
2024-12-09 01:30:00,Batch_003,37.484308738524604,7.60437327312802,101.5056776703526,89.1915467478766,60.139078045836676,15.005563927936773,0.4718502698605772,97.73012980499725,8.480728814287394,104.36328005794238
2024-12-09 01:45:00,Batch_003,37.600790308873016,7.498341774306251,102.04948023967965,87.30064027068279,59.58827401655483,15.991824788647145,0.06746046241486892,92.87689454011382,7.816743478705361,128.7349256251244
2024-12-09 02:00:00,Batch_003,37.05477590876056,7.512755825211894,101.03959719181312,87.9714494631313,59.658919128261466,14.838055128011703,2.1075519150831625,98.92584109857992,9.574390395471035,102.67832782743733
2024-12-09 02:15:00,Batch_003,37.22925112106875,7.296043670517044,101.55564366147496,94.98023490307453,60.55931203190079,15.429980938746755,2.532417846959153,91.03787659572585,7.765603725415048,105.49081482916223
2024-12-09 02:30:00,Batch_003,38.107297963837354,7.4937947945530965,102.0915521070861,94.62891791487634,63.142631765952096,15.58489378437491,0.8873592579505918,96.8864521733949,9.274096416292847,111.45831045046029
2024-12-09 02:45:00,Batch_003,37.60271115531019,7.53651229633638,103.47914358806352,94.96367771345302,57.83446108524434,15.500178729250168,1.7962286544595647,95.72681441555642,9.63132644864468,125.48304105473788
2024-12-09 03:00:00,Batch_003,37.79289024461515,7.483807390820342,100.53695357396053,89.76281109667592,60.82905046229195,15.34088179126748,2.0936629004979803,96.68959645584592,8.800619441989745,116.7535989872732
2024-12-09 03:15:00,Batch_003,37.99180408867962,7.089394516639425,100.3738811141027,90.90322822884764,57.224260818370276,14.518746810873923,0.8591573642232816,98.84663236296156,7.801328908342086,106.25812024478789
2024-12-09 03:30:00,Batch_003,37.45006756097224,7.465427535929504,101.44465130284493,88.29737045761438,59.58531416598992,14.87390995605176,-0.06270069253141886,93.83286360703701,9.349634962856443,121.29316624695687
2024-12-09 03:45:00,Batch_003,38.404610473196534,7.30307964373988,99.79681981672834,86.80101244232308,57.811743765487044,14.624423440767778,0.12251269061573167,96.55783107435536,9.464113585223767,126.85420885494177
2024-12-09 04:00:00,Batch_003,37.73017997244299,7.44952364217653,104.9810909441889,86.73314338878534,57.39013827682154,14.48286981568729,0.9649464509681123,92.38470343578699,8.261980650074676,100.37483846695633
2024-12-09 04:15:00,Batch_003,38.228449750853905,7.391654447350052,101.97146780447893,89.54988094825401,59.30644812710739,15.513922924656168,-0.9702198216781295,92.94200069875656,8.373045903701827,108.10301218705136
2024-12-09 04:30:00,Batch_003,38.356830443872724,7.419315875072167,101.28733226680305,86.321527573786,62.00476400532296,14.907158940515638,0.8598348460988903,92.9554800521964,9.557629207727834,128.34496374827887
2024-12-09 04:45:00,Batch_003,37.558486314567865,7.373055908692334,100.18326574655653,93.11526003561544,59.681717296098945,14.008883578358967,0.41488394685161384,94.7057344774101,8.925878684427182,109.85542856559576
2024-12-09 05:00:00,Batch_003,36.84476871397411,7.26363024603895,102.33376594228821,85.51164912862767,60.093695668835096,14.637378303628719,2.015015398618493,99.73909789021575,9.00242170988758,120.79471766464489
2024-12-09 05:15:00,Batch_003,37.616242662938,7.2253915894681215,101.69039682530577,91.88230509008274,61.63493068618935,15.58153819421702,3.20353987032928,92.22871622372217,7.501338437898633,120.56657538254329
2024-12-09 05:30:00,Batch_003,37.59878912970597,7.433609367601237,102.12388459299181,88.98332073009657,60.30784423603423,15.625383856556155,-0.015223066717444222,95.09020333867723,7.905238386785125,115.51557276557486
2024-12-09 05:45:00,Batch_003,38.24782750031479,7.132731974112108,102.45540592011783,91.31644579072308,57.92641729689197,14.577279386809572,0.529934447696248,92.65752449981846,9.102165913430122,127.84778081505645
2024-12-09 06:00:00,Batch_003,36.53030390579891,7.447049634739153,101.38245982917637,85.20605882547298,59.75163363889222,15.569892981344502,0.19865686548167905,97.3848590713685,9.24727751810132,101.23535008591152
2024-12-09 06:15:00,Batch_003,36.77149514600667,7.294803362145362,101.90664728835053,88.57755308344633,57.147078492158975,14.931281002463527,-0.23816839410842583,98.81660440393352,9.103120852698463,123.81838697613631
2024-12-09 06:30:00,Batch_003,37.495515224632186,7.445732702431689,101.89700028515549,91.40736604878168,59.212597853257996,14.584027681798991,0.251028946623883,99.5581917738754,9.862772085926716,108.23093578651356
2024-12-09 06:45:00,Batch_003,37.81559360544025,7.231626626455663,100.9641870755604,85.04408879924678,59.3875872805054,14.213295297178348,0.26468137266726943,96.72641907496312,8.135822447878825,108.48046728381877
2024-12-09 07:00:00,Batch_003,37.74837780650685,7.494061586807591,99.6259644148469,91.80655454198654,58.66145585752204,14.784807962366944,-0.7860222945494215,97.68061355460625,9.761404934922517,126.74261978513924
2024-12-09 07:15:00,Batch_003,38.03741947949596,7.4400677751806965,101.1879488269499,86.30652592918318,58.138184097985,15.013037945523815,1.322823943072676,93.37762808015984,8.954930801553141,100.67818385319192
2024-12-09 07:30:00,Batch_003,37.9187735618021,7.559942769656116,102.04776092704094,90.02881481441541,55.888975046262935,14.47076945849253,0.28310725733559117,99.47660465745076,7.983689566578147,114.256548687759
2024-12-09 07:45:00,Batch_003,37.68120858024649,7.515833869332277,101.37855406027901,90.56107601090669,59.244881848377254,14.434512241308454,0.7200127325359043,93.04687230331943,7.809654048925044,122.07144144296302
2024-12-09 08:00:00,Batch_003,38.39924225442818,7.357285836951694,101.11642289477864,86.18274563232399,58.981271128377735,15.037926351141332,0.8160308879941719,90.79361935152839,8.184243373158496,129.07143880358922
2024-12-09 08:15:00,Batch_003,37.529792164054626,7.348741546349803,102.7009478471706,85.6398283397074,57.84848251903915,13.891027673683567,1.1081472321422592,93.57007146795851,7.795571388171286,102.8050385438045
2024-12-09 08:30:00,Batch_003,36.71126317370093,7.399175923581949,101.50903266690084,90.21419293760958,63.947164916376614,15.745304682666774,1.9494426101483022,99.42598327955085,9.618154583873098,119.39799931302565
2024-12-09 08:45:00,Batch_003,37.98305602471055,7.348502556025431,101.04596821442097,92.29655064158008,58.50141628611326,14.715161384850116,1.7421821882459074,91.3873397978658,9.590020398637003,117.57845104693469
