Timestamp,Batch ID,Temperature (Â°C),pH,Pressure (kPa),Quality Metric (%),Dissolved Oxygen (%),Conductivity (mS/cm),UV Absorbance,RNA Folding Efficiency (%),Nanopore RNA Integrity (Score),Enzyme Concentration (U/mL),Potential_Anomaly,pH_Lag_1,pH_Lag_2,pH_Rolling_Mean,pH_Rolling_Std,Quality_Metric_Rolling_Mean,Quality_Metric_Rolling_Std,Anomaly_Predicted
2024-12-08 09:30:00,Batch_001,37.84947949660494,7.50932978680657,102.26555622893171,89.19213087795396,56.71500751381304,14.496277007162371,1.3648984413020164,95.333206519101,7.857871834092768,110.39396943185022,0,7.194705027254955,7.401402881718395,7.352017407030763,0.2224733010081341,87.29228310474053,2.686790487322775,0
2024-12-08 09:45:00,Batch_001,37.82628031247822,7.477815689384509,101.5638446824958,85.56323707483337,60.15315741432196,14.763025214449828,0.1399433743856478,95.99818791264688,8.635881589628736,109.62897472267834,0,7.50932978680657,7.194705027254955,7.49357273809554,0.022283831990104364,87.37768397639366,2.566015416392427,0
2024-12-08 10:00:00,Batch_001,37.26133125791956,7.297432225417925,100.77438940458993,87.44562232373953,61.2578511668314,14.698342076585249,1.2213012468098603,99.63994194153167,8.946542020992952,106.19380148186426,0,7.477815689384509,7.50932978680657,7.3876239574012175,0.12755037058469063,86.50442969928645,1.3310473743071214,0
2024-12-08 10:15:00,Batch_001,37.32277659718294,7.431982728192523,99.81103861051838,90.73753517273938,62.38414510766775,15.35768638063956,1.9363049249166155,90.41828640548584,8.323372717642668,110.23533593752798,0,7.297432225417925,7.477815689384509,7.364707476805224,0.09514157292397764,89.09157874823946,2.3277338986029537,0
2024-12-08 10:30:00,Batch_001,37.764468994310285,7.444782186258001,100.14673326362356,85.19050531008585,61.477514904845,15.304527357124195,0.3434233081516736,97.87017235785348,9.764178111314006,124.42714855902966,0,7.431982728192523,7.297432225417925,7.438382457225262,0.009050583593613456,87.96402024141261,3.9223424313266064,0
2024-12-08 10:45:00,Batch_001,37.38779377052147,7.486784567664175,101.12187247447422,90.19266281185216,62.050020863573,14.647476941201552,2.0289569857536343,90.28147372282068,8.749454290110325,104.0860846096068,0,7.444782186258001,7.431982728192523,7.465783376961088,0.029700168718289892,87.691584060969,3.5370594900621204,0
2024-12-08 11:00:00,Batch_001,37.55391714185758,7.393465438510105,101.43848374588062,90.47834705852046,63.14383377055392,15.024714280603058,-0.4495173581763019,92.4914267828062,8.044433321159884,116.3189253263306,0,7.486784567664175,7.444782186258001,7.4401250030871395,0.06598658903926646,90.33550493518631,0.20200926809743255,0
2024-12-08 11:15:00,Batch_001,37.47036237077169,7.3676637982704305,98.89986840622812,87.62882082388447,56.51051040451861,15.176801410106254,-0.4957737794340249,99.97746483846863,9.094984150469328,108.69789594256562,0,7.393465438510105,7.486784567664175,7.380564618390268,0.01824451477920541,89.05358394120246,2.014919323680087,0
2024-12-08 11:30:00,Batch_001,36.99825417993747,7.408224454866333,101.03245196054483,90.45666776756852,60.30504431172893,14.871668830139749,1.5277049661803823,97.31030752117644,9.02112708916658,104.02330905991008,0,7.3676637982704305,7.393465438510105,7.387944126568382,0.02868071532833934,89.0427442957265,1.9995897500366566,0
2024-12-08 11:45:00,Batch_001,37.16099999095301,7.436147201154682,99.2132321315231,85.72526615627727,60.04910577192859,14.613422366697131,-0.4959317102063438,90.75322102074142,9.060697738737757,107.41534726319502,0,7.408224454866333,7.3676637982704305,7.422185828010507,0.019744363249843334,88.0909669619229,3.3456061638610097,0
2024-12-08 12:00:00,Batch_001,37.89515807760201,7.600354683505809,102.62402821843403,90.16243648790854,59.22963185206805,15.82289217425829,0.7122083549675132,93.66134684289317,9.822173127273834,117.02161781643916,0,7.436147201154682,7.408224454866333,7.518250942330246,0.11611222429205248,87.94385132209291,3.1375532307762426,0
2024-12-08 12:15:00,Batch_001,37.21526542866866,7.511112656606677,100.66515939932243,86.32084615707642,56.67451597451201,15.503638005198876,0.6684420783415639,90.61902197346734,8.672691740601465,101.97927823070432,0,7.600354683505809,7.436147201154682,7.555733670056243,0.06310364238720993,88.24164132249248,2.7164145734720777,0
2024-12-08 12:30:00,Batch_001,38.43499657211227,7.35099736404742,102.33183286466314,89.49968609419165,56.959743297382325,14.960718930308316,0.5954809629126564,93.23967013943836,7.740529050471703,117.93670576824104,0,7.511112656606677,7.600354683505809,7.431055010327048,0.11321860914031866,87.91026612563402,2.2477792758408146,0
2024-12-08 12:45:00,Batch_001,37.48298439383881,7.358683067221661,100.83013045615112,92.10568699005316,58.74273485690023,14.59390513345207,1.552758145839841,98.69183566875805,8.72565057872973,107.07603229514604,0,7.35099736404742,7.511112656606677,7.354840215634541,0.005434612832680968,90.8026865421224,1.842720905241889,0
2024-12-08 13:00:00,Batch_001,37.26863593632282,7.506486826241136,100.99148888193837,91.4721900390506,62.742843819986994,14.757396130651784,-0.521580849623664,96.51551163999729,8.51249327504192,112.28126674323404,0,7.358683067221661,7.35099736404742,7.4325849467313985,0.10451304028753215,91.78893851455189,0.44794998991482227,0
2024-12-08 13:15:00,Batch_001,37.50903623784173,7.331210363556416,98.9112583786846,91.23281434536884,58.58154693968177,15.370367679413024,0.671976838280782,92.91135385156969,9.634223637922812,104.13191716084334,0,7.506486826241136,7.358683067221661,7.418848594898776,0.12393917534675622,91.35250219220973,0.16926417625341633,0
2024-12-08 13:30:00,Batch_001,37.61870530794986,7.406014509685572,100.3806541363336,85.67685200708021,58.551097946794606,15.06821895739772,0.6037990777728031,93.27240985442488,8.598192202402316,121.55729502884792,0,7.331210363556416,7.506486826241136,7.368612436620994,0.05289451898879614,88.45483317622453,3.9286586454209496,0
2024-12-08 13:45:00,Batch_001,37.24482452914373,7.510142747915169,100.68172106002064,93.5180897007464,61.4681360327533,15.031027512586604,1.6129657567943645,93.45418637946592,8.56712395628725,115.00285157215212,0,7.406014509685572,7.331210363556416,7.45807862880037,0.07362978336515594,89.59747085391331,5.544592346086922,0
2024-12-08 14:00:00,Batch_001,37.148191187878176,7.176492827386632,102.4464888298128,94.34438162614477,58.45498144209186,15.295638794210587,0.9101421182553372,98.0027280088621,8.812723755452703,105.20735559980608,0,7.510142747915169,7.406014509685572,7.3433177876509,0.23592612134808089,93.93123566344559,0.5842766236888467,0
2024-12-08 14:15:00,Batch_001,36.990617936760685,7.295670090743195,99.4848484531606,94.89794763958048,60.15824231930012,15.637221889634116,-0.5844013173835187,97.11746997295586,9.306316764001686,118.87195826538496,0,7.176492827386632,7.510142747915169,7.236081459064913,0.0842710510826782,94.62116463286262,0.3914302819347318,0
2024-12-08 14:30:00,Batch_001,37.69829811384446,7.341148145154184,100.62714917865672,90.43815532812005,55.31589775440585,14.551809792542276,2.774967662290941,97.85984244460975,9.033162634244146,107.09745668067325,0,7.295670090743195,7.176492827386632,7.31840911794869,0.032157840669177366,92.66805148385026,3.153549386117295,0
2024-12-08 14:45:00,Batch_001,37.19742607012365,7.388536242987047,101.03162677277074,91.98327718761357,61.374553787661874,15.089203596559392,1.0784649373062305,91.45337047564264,8.70085549440798,114.9175919597904,0,7.341148145154184,7.295670090743195,7.364842194070615,0.03350844532514581,91.2107162578668,1.0925661446074235,0
2024-12-08 15:00:00,Batch_001,37.587773385977655,7.3983758387645215,100.23132447444304,90.42789588582396,60.81199265042723,15.623012505208491,0.4177604603788256,90.0392514695042,8.830682729790196,117.93311615437636,0,7.388536242987047,7.341148145154184,7.393456040875784,0.006957644898377574,91.20558653671876,1.0998206658261753,0
2024-12-08 15:15:00,Batch_001,38.36293062423493,7.265781058665361,102.06121363968734,86.99458879091048,61.59238705909293,14.412178652519128,1.3004608478298658,98.632983434015,9.940224548201757,109.19555914973508,0,7.3983758387645215,7.388536242987047,7.332078448714942,0.09375866815805328,88.71124233836721,2.4277147287091805,0
2024-12-08 15:30:00,Batch_001,37.1031522195852,7.449328498084793,101.5365342103515,87.33013136161576,60.789477204456645,15.157262697703542,0.7407217682939558,94.21334320279529,8.794350635374308,113.107840041616,0,7.265781058665361,7.3983758387645215,7.357554778375077,0.12978763908290655,87.16236007626313,0.23726442712214296,0
2024-12-08 15:45:00,Batch_001,37.44069566947419,7.329573831118761,102.78844314649535,86.52621262179939,60.10411984201621,14.711081249894995,1.765329557375248,93.94855323526984,8.84575148889554,125.8293031467078,0,7.449328498084793,7.265781058665361,7.389451164601777,0.08467933709041732,86.92817199170757,0.5684563924469523,0
2024-12-08 16:00:00,Batch_001,37.23885288664125,7.302225732993944,99.88600965697812,86.93278392846683,60.5895270623422,15.577419987564484,-0.1908293274347748,93.73667937642465,7.922084884219686,108.61003630279971,0,7.329573831118761,7.449328498084793,7.315899782056352,0.019338025636600753,86.72949827513311,0.2874893279801193,0
2024-12-08 16:15:00,Batch_001,37.32906771569683,7.581923712318873,101.67207006255664,88.01783345055888,57.90441991535,15.832897150403204,1.8947395263434783,96.46480911620326,9.30899717199853,110.219248466426,0,7.302225732993944,7.329573831118761,7.442074722656408,0.19777633786483237,87.47530868951286,0.7672458749944235,0
2024-12-08 16:30:00,Batch_001,37.16588633087832,7.517590902059363,101.82276844838977,88.6017381040655,60.29764403617159,15.171435358738078,0.0968393389580212,97.67425026460307,9.561166486212995,100.39715690697278,0,7.581923712318873,7.302225732993944,7.549757307189118,0.04549016638729146,88.30978577731219,0.41288294006080417,0
2024-12-08 16:45:00,Batch_001,37.60707765839524,7.305765080896959,101.00639681471264,92.4385806865842,60.26474276236286,15.546649984918236,1.0278487734728972,97.81808305109034,8.904561884276518,103.87217573277096,0,7.517590902059363,7.581923712318873,7.411677991478161,0.14978347457434488,90.52015939532485,2.7130574084442776,0
2024-12-08 17:00:00,Batch_001,36.85934802078638,7.371607787161724,100.44821343364376,88.31694936074787,61.05351622451131,15.044557650289182,0.9297538092237642,98.91958434817744,7.864763144575705,127.98065639498856,0,7.305765080896959,7.517590902059363,7.338686434029341,0.04655782409148823,90.37776502366603,2.9144334600497754,0
2024-12-08 17:15:00,Batch_001,37.20804012495294,7.387274128956963,101.47351331890545,85.42876583769386,58.70610549773908,14.881319374880666,-0.6156856720750701,94.77135273716588,9.535549103279788,128.2403803201142,0,7.371607787161724,7.305765080896959,7.379440958059344,0.011077776519799035,86.87285759922086,2.0422541544627197,0
2024-12-08 17:30:00,Batch_001,37.13691825359795,7.265051516160911,102.33953855165146,93.98095176030073,59.22003917171913,14.362866963415703,0.6633236707058126,97.97151588349428,8.54985884585432,120.79392931388148,0,7.387274128956963,7.371607787161724,7.326162822558937,0.08642443832242519,89.7048587989973,6.047308659843451,0
2024-12-08 17:45:00,Batch_001,36.57548690326431,7.35683321005026,102.60541597032022,90.27296002552283,56.61252756422147,15.58142446437307,1.347912779385138,94.2740449289224,9.912440231095593,114.65009962589885,0,7.265051516160911,7.387274128956963,7.310942363105585,0.06489945813794476,92.12695589291178,2.6219461002451556,0
2024-12-08 18:00:00,Batch_001,37.45895807696991,7.421889945948134,101.73998050070536,91.63750504437186,56.70262695503963,15.01235796242499,-0.1449963758705548,92.75794627781325,9.001032203325025,107.62921186720357,0,7.35683321005026,7.265051516160911,7.389361577999197,0.04600205911524697,90.95523253494736,0.9648790360625479,0
2024-12-08 18:15:00,Batch_001,37.03993315123003,7.390974226340623,100.5411378556802,87.82811592326135,61.30718883639152,15.096381218506677,1.5493295899321438,97.68991381690428,9.652111670846235,110.17852637620948,0,7.421889945948134,7.35683321005026,7.406432086144378,0.021860714979728465,89.7328104838166,2.6936448797155186,0
2024-12-08 18:30:00,Batch_001,37.32626425133953,7.294065356915824,100.77165748335705,88.22263444982464,58.856669332113285,14.45140186357244,0.3515838312048864,92.73912879335056,8.915291909645063,102.29184382523944,0,7.390974226340623,7.421889945948134,7.342519791628224,0.06852491872739568,88.02537518654299,0.27896672543656514,0
2024-12-08 18:45:00,Batch_001,37.20725686931847,7.308683399239395,104.2065702793693,88.57924126975556,61.032108189554734,14.901185673664951,1.016480301578124,93.2871854493464,9.913155463732537,101.28873393257815,0,7.294065356915824,7.390974226340623,7.301374378077609,0.010336516854664506,88.4009378597901,0.25215910059047486,0
2024-12-08 19:00:00,Batch_001,37.90198169780397,7.318733003703056,103.61391621380584,92.76363215762846,61.008163312539054,13.766920396613871,1.7378825512760483,95.2722219346318,8.811836368033802,111.97671589911184,0,7.308683399239395,7.294065356915824,7.313708201471226,0.007106143464490452,90.671436713692,2.958811171950139,0
2024-12-08 19:15:00,Batch_001,38.12854989018082,7.408138551846237,102.20804507641417,94.11258130508917,61.34744404168649,15.22940214134216,1.6833175498773958,99.59324432548244,8.581246409456526,105.71756566276387,0,7.318733003703056,7.308683399239395,7.363435777774646,0.06321926936774235,93.43810673135881,0.9538510896453416,0
2024-12-08 19:30:00,Batch_001,38.11696987282492,7.268901776435114,103.03689789158652,92.0515551538676,60.48612083815314,15.680906197304726,2.2157775579882646,98.32310089626536,9.303922092314645,110.81267346934943,0,7.408138551846237,7.318733003703056,7.338520164140675,0.0984552680837532,93.08206822947838,1.4573655677316195,0
2024-12-08 19:45:00,Batch_001,37.109309294960106,7.448011469266052,100.19050446018824,85.30861748312805,59.93977808886626,14.950250868280891,0.610746029069306,99.86261732231374,7.836885580411027,118.49267880437938,0,7.268901776435114,7.408138551846237,7.358456622850583,0.12664967837699534,88.68008631849781,4.76797695209815,0
2024-12-08 20:00:00,Batch_001,38.08977473188277,7.340206671011395,101.98898140162014,87.02624596132094,59.29616176960467,15.475353312164996,1.811681972467322,96.63945676008926,9.368711948817069,110.03116799192868,0,7.448011469266052,7.268901776435114,7.3941090701387235,0.07622950389031403,86.16743172222449,1.2145467444892606,0
2024-12-08 20:15:00,Batch_001,37.508987578814725,7.367281238744187,100.64199025741055,85.34765038896306,57.754644605303625,14.80270575852106,0.5206488835923392,93.58469771033135,9.115558169438444,129.75460800411426,0,7.340206671011395,7.448011469266052,7.353743954877791,0.01914461044154928,86.18694817514199,1.1869463120839097,0
2024-12-08 20:30:00,Batch_001,38.787922159585705,7.541982770047854,102.32945155855744,91.7291524357164,57.46883691694856,14.835603700103546,0.3888299680202636,94.83238771647063,9.04229904859208,108.01641322260268,0,7.367281238744187,7.340206671011395,7.454632004396021,0.12353263746849431,88.53840141233974,4.512403371415111,0
2024-12-08 20:45:00,Batch_001,37.658113074569485,7.210901562897848,101.4784718630964,93.29657012911446,63.54090575842355,15.173433716671676,0.666794452156726,91.03328186836656,9.57528429306462,121.47411859177436,0,7.541982770047854,7.367281238744187,7.376442166472851,0.23410976669919686,92.51286128241543,1.1083316799535536,0
2024-12-08 21:00:00,Batch_001,37.01925205477641,7.430237656923335,101.77441174339091,85.7932751858829,59.73009354572356,15.816262693623484,0.8662275547435642,98.15825048993392,8.353371690785055,106.03184089255592,0,7.210901562897848,7.541982770047854,7.320569609910592,0.15509403944439268,89.54492265749869,5.305630735601769,0
2024-12-08 21:15:00,Batch_001,37.15560474176058,7.398395168093891,102.13904553721716,86.0971713026776,61.357223488411535,15.918400859346386,2.6688092390027607,99.65356362845762,8.751773307348431,108.98203645072331,0,7.430237656923335,7.210901562897848,7.414316412508613,0.022516039781149747,85.94522324428024,0.21488700496221202,0
2024-12-08 21:30:00,Batch_001,37.41775557815506,7.340316395516566,100.0133697416866,91.87956412331197,62.992579715021975,15.267451438262713,2.5152690042723647,94.7103078560606,7.812946765714026,108.48191672537467,0,7.398395168093891,7.430237656923335,7.369355781805228,0.04106789393241623,88.98836771299477,4.088769174954983,0
2024-12-08 21:45:00,Batch_001,37.21667994827845,7.334958224758679,102.84754377845248,92.3172595950789,62.00272180817659,14.730938823009252,1.509305150084688,92.04601282927923,8.551633557710872,103.74072011128538,0,7.340316395516566,7.398395168093891,7.337637310137622,0.0037887988776563386,92.09841185919544,0.30949743618105363,0
2024-12-08 22:00:00,Batch_001,37.68800984486839,7.345726669195526,100.60250291252608,91.76927554464618,61.29587169983417,14.60398240506094,1.5014772926368072,93.98627471352926,8.32942930315312,113.78161757009136,0,7.334958224758679,7.340316395516566,7.340342446977102,0.007614440084123873,92.04326756986254,0.3874832380430527,0
2024-12-08 22:15:00,Batch_001,36.45704660024445,7.33785774982344,99.84758025420972,86.80151293973272,60.56787865824579,15.101233055041238,1.3554925039708683,91.0409731662762,7.872950875272618,109.0650679049602,0,7.345726669195526,7.334958224758679,7.341792209509483,0.005564166248609329,89.28539424218945,3.5127386252592614,0
2024-12-08 22:30:00,Batch_001,37.31672600054423,7.258862151665423,99.51998690717971,88.03078507371933,60.30231152730619,15.31671316893063,0.699850749282387,96.41127804928986,7.664549458313065,118.09936124853796,0,7.33785774982344,7.345726669195526,7.298359950744432,0.055858323141422,87.41614900672602,0.8692266618656459,0
2024-12-08 22:45:00,Batch_001,37.17595719173376,7.291428273905245,102.7976155181697,86.61001160153508,59.15801492587802,15.180937602127043,-0.0111743647466465,94.03777620235948,8.965153664726152,112.6440014701459,0,7.258862151665423,7.33785774982344,7.275145212785334,0.023027725872730106,87.32039833762721,1.004638556711489,0
2024-12-08 23:00:00,Batch_001,37.58621973019892,7.340010356858339,100.74414764907422,93.52756288141032,60.49963659456013,15.24011943337616,-0.3406488429889702,91.0535011571695,9.22777114399214,129.02295841291416,0,7.291428273905245,7.258862151665423,7.315719315381791,0.03435272030030032,90.0687872414727,4.891447419205465,0
2024-12-08 23:15:00,Batch_001,36.46502587923106,7.620771098598228,102.85546007722888,87.48688042637167,57.06707996372065,15.37706811726038,0.8988563354397988,92.88228348775628,9.601472238633892,114.497917718902,0,7.340010356858339,7.291428273905245,7.480390727728283,0.19852782437523978,90.507221653891,4.271407526952436,0
2024-12-08 23:30:00,Batch_001,37.9170786046575,7.226607601472096,98.9243272395148,90.03042934160483,61.10972056144754,14.427005019128575,0.3069662505447405,95.60850705176318,9.051736953469687,124.43243907647188,0,7.620771098598228,7.340010356858339,7.423689350035161,0.27871568171409195,88.75865488398824,1.7985606862410903,0
2024-12-08 23:45:00,Batch_001,37.77326174233225,7.530304710906554,102.49262475249388,85.83231932045238,57.17296720827135,15.287587793515558,2.121510615524385,90.99653823184332,9.4736188479922,119.36976164104668,0,7.226607601472096,7.620771098598228,7.3784561561893245,0.2147462855078584,87.93137433102861,2.968512064124123,0
2024-12-09 00:00:00,Batch_001,37.24205438094426,7.364751515904754,101.37502953697914,90.56253924532396,58.776568939204665,15.29511631322427,1.583735344530314,90.05260572998876,8.327243680125378,120.16712611955168,0,7.530304710906554,7.226607601472096,7.447528113405654,0.11706378683287144,88.19742928288818,3.3447705853804415,0
2024-12-09 00:15:00,Batch_001,37.330629758607344,7.538549914134222,102.03504921714227,87.90427174555658,64.65296524042145,15.298190995929374,1.6564189767655106,91.79539676024186,9.971875506801844,109.82909937740892,0,7.364751515904754,7.530304710906554,7.451650715019488,0.12289402594741672,89.23340549544028,1.8796789752933631,0
2024-12-09 00:30:00,Batch_001,38.06390496158822,7.444447659370671,100.7019504469742,93.26567661609369,61.89362410456416,15.33511912874965,0.6434529849331649,93.54707943692908,9.400482866529629,111.18884268656429,0,7.538549914134222,7.364751515904754,7.491498786752446,0.06654034246824918,90.58497418082513,3.7910857406433833,0
2024-12-09 00:45:00,Batch_001,37.00648089875797,7.471707492950171,100.72746740862304,91.40021942967483,57.69365123960492,15.106127614283466,1.7233285928538922,96.40615964912718,9.681574220019147,113.23310528466804,0,7.444447659370671,7.538549914134222,7.458077576160421,0.019275613178079378,92.33294802288427,1.3190774265299734,0
2024-12-09 01:00:00,Batch_001,37.74821393934154,7.489796245045446,100.72496643956842,85.99744178035803,57.95520883918347,15.637428611635729,-0.9976831163895644,92.6309961474686,8.637804213578965,111.82820245573237,0,7.471707492950171,7.444447659370671,7.4807518689978085,0.012790679269766226,88.69883060501644,3.820340713075049,0
2024-12-09 01:15:00,Batch_001,38.15273459004359,7.351984257357538,101.05485178649332,88.6758285381305,59.95739377685944,14.959041185084782,0.8756203869915612,93.23712275189496,7.928568243129314,120.78948738876178,0,7.489796245045446,7.471707492950171,7.420890251201492,0.09744779102291777,87.33663515924427,1.8939054390612164,0
2024-12-09 01:30:00,Batch_001,37.431153194246086,7.540064912740611,102.34221251534052,93.84303707541412,64.1366010262337,15.399065821075194,1.3880404296489417,92.70601407095798,9.95269856425304,103.38765646889732,0,7.351984257357538,7.489796245045446,7.4460245850490745,0.13299310683138166,91.25943280677231,3.6537681965182602,0
2024-12-09 01:45:00,Batch_001,37.04985950212976,7.316792906194601,101.01360484449552,91.0245712387398,60.25931534789402,15.044713021253068,1.0890958177806511,91.01670570293706,9.517689476818886,107.69608864591972,0,7.540064912740611,7.351984257357538,7.4284289094676055,0.15787714987781207,92.43380415707696,1.992956305654999,0
2024-12-09 02:00:00,Batch_001,37.07845359175918,7.4662822946348575,103.23073357087124,85.3489073305771,66.48636288031415,14.753359835954628,-1.010508402591746,94.94919559191096,8.027393407525242,114.53050708983572,1,7.316792906194601,7.540064912740611,7.391537600414729,0.10570496028153728,88.18673928465844,4.013300437197581,1
2024-12-09 02:15:00,Batch_001,37.23775527909162,7.299785526156469,99.03852339478809,92.61067865448491,62.795151584134175,14.799636917195004,2.3850794056702798,99.57938998933794,8.069133374986698,128.75645600924696,0,7.4662822946348575,7.316792906194601,7.383033910395663,0.11773099403671727,88.979792992531,5.134847746561222,0
2024-12-09 02:30:00,Batch_001,37.95624842282872,7.457268081330732,102.17289733093708,92.30136182765774,58.58750123979684,16.128217717634094,0.6372819594494233,93.22133950130636,8.828207679528642,122.421376336474,0,7.299785526156469,7.4662822946348575,7.3785268037436005,0.11135698268230866,92.45602024107133,0.2187200257843285,0
2024-12-09 02:45:00,Batch_001,36.70592733857979,7.509832070812767,101.65307517646032,93.95334086547984,65.45111719904311,15.012786287544673,1.5066100947417784,91.89529490032956,9.553372974717863,103.02420302536524,0,7.457268081330732,7.299785526156469,7.483550076071749,0.03716835340896137,93.12735134656879,1.1681255800219645,0
2024-12-09 03:00:00,Batch_001,37.40272400889291,7.382256480901509,100.76345787280744,94.72203913805772,58.10848111735845,14.49815401582613,1.236683776565351,98.74639925183948,8.442369649824172,113.96426616528696,0,7.509832070812767,7.457268081330732,7.446044275857138,0.09020956474012391,94.33769000176878,0.5435517612259543,0
2024-12-09 03:15:00,Batch_001,37.68273876860128,7.401162147615005,100.56612555594448,86.92954408488025,59.16422346815589,14.60073218460562,-0.4117160543394313,99.25910225673697,8.773653374558512,127.18524881028384,0,7.382256480901509,7.509832070812767,7.391709314258257,0.013368325135969378,90.82579161146899,5.510126094464427,0
2024-12-09 03:30:00,Batch_001,37.36318444343054,7.4234395029392255,100.6164920537325,93.39650791248896,60.7986549071022,14.64854715074093,0.7157551002145408,96.34115312102504,9.91209908166715,118.35527557150704,0,7.401162147615005,7.382256480901509,7.412300825277115,0.01575246901666009,90.1630259986846,4.572833976190246,0
2024-12-09 03:45:00,Batch_001,37.29927809914359,7.330029226862188,102.68286372680195,85.55404886651459,60.2769547269161,15.455513020618117,1.5141724738718438,99.7072375831484,9.736604880047766,104.73458452251997,0,7.4234395029392255,7.401162147615005,7.376734364900707,0.06605103964658186,89.47527838950177,5.545455972586272,0
2024-12-09 04:00:00,Batch_001,37.00733902050192,7.4815089126643635,101.60134648160935,89.36607043359506,62.62731714451868,14.811219755673095,-0.985112637731478,91.20735535492148,8.477192939915929,120.64398585489316,0,7.330029226862188,7.4234395029392255,7.405769069763275,0.10711231304272567,87.46005965005483,2.6955063001120316,0
2024-12-09 04:15:00,Batch_001,36.21790955418045,7.286890886979598,102.7047971271746,85.47214117308323,58.169561929403166,14.770744524604869,-0.3736082440933421,96.51147440217795,9.95516748164396,106.65065848743308,0,7.4815089126643635,7.330029226862188,7.384199899821981,0.13761572570283587,87.41910580333914,2.7534237855686956,0
2024-12-09 04:30:00,Batch_001,38.18745167999104,7.307060647011828,99.56772241586864,94.89648477376832,61.38582854888328,14.694696759222184,0.9389046951458312,97.92671971329614,8.074647777986998,100.43141790294548,0,7.286890886979598,7.4815089126643635,7.296975766995713,0.014262174093715392,90.18431297342578,6.664017268276487,0
2024-12-09 04:45:00,Batch_001,37.75648673067796,7.38492913206693,99.59173675651311,89.82248687333308,62.41293469047531,14.699121325848555,0.4210993258362391,99.34407503317702,9.488818376647474,108.40177196661487,0,7.307060647011828,7.286890886979598,7.345994889539379,0.05506133382318824,92.3594858235507,3.5878583231240753,0
2024-12-09 05:00:00,Batch_001,36.3802828869128,7.344466649528674,100.541807969681,91.9449932862103,60.501391860023794,15.18032580951721,3.2044902962689976,91.47967747015318,8.368416709837723,117.55400432628676,0,7.38492913206693,7.307060647011828,7.364697890797802,0.02861129578644484,90.88374007977168,1.5008386776574671,0
2024-12-09 05:15:00,Batch_001,37.997479244662685,7.191642332672639,101.59639215955468,85.5768423253872,59.78038752504717,15.28096934444361,3.246868582703942,90.63138635417532,9.4471034563938,114.94954181658125,0,7.344466649528674,7.38492913206693,7.268054491100656,0.10806311077910788,88.76091780579875,4.502962728017683,0
2024-12-09 05:30:00,Batch_001,37.42781208778133,7.426515764463092,100.89314214529134,89.50503037647222,60.779831788912965,15.066362658657004,0.5501235417588015,93.98050063047368,7.572778084635479,119.52038562444108,0,7.191642332672639,7.344466649528674,7.309079048567865,0.1660805963395875,87.54093635092971,2.7776484086982722,0
2024-12-09 05:45:00,Batch_001,37.12234979501597,7.242996707947269,101.59228105592864,93.67594731993496,58.618252731644894,15.1514881211943,1.6602728450886812,96.1834560327285,8.470330613833719,122.80066682155092,0,7.426515764463092,7.191642332672639,7.33475623620518,0.12976756933929817,91.59048884820359,2.9492836544883794,0
2024-12-09 06:00:00,Batch_001,37.87170605660232,7.312473641210248,100.72839302788292,91.40795616298011,61.26932640562988,14.733678160046368,-0.5634997972960367,94.5805491540489,9.281511903452412,126.3126071203504,0,7.242996707947269,7.426515764463092,7.277735174578758,0.04912761064630772,92.54195174145754,1.603711926753875,0
2024-12-09 06:15:00,Batch_001,37.43308732030099,7.433511600284104,103.66789980780798,93.47654421335096,62.84105126703098,15.151959640519271,1.6205496492460594,90.7773614963318,7.735610976083629,114.2158582422896,0,7.312473641210248,7.242996707947269,7.372992620747176,0.08558676164210506,92.44225018816553,1.462712637898671,0
2024-12-09 06:30:00,Batch_001,37.409269217918,7.45631608819426,101.38002169677875,85.83152713309819,59.360314265931535,15.284943841541793,1.234389979686489,98.96450609207712,9.817815004392884,106.4997461139614,0,7.433511600284104,7.312473641210248,7.444913844239182,0.016125208042750108,89.65403567322457,5.405843419733732,0
2024-12-09 06:45:00,Batch_001,36.56024746297864,7.304488499458889,102.41852232346906,89.23906446985072,59.8505173459391,14.160098543584406,1.251908403719391,95.16202496812276,7.626882346698869,118.58782262545444,0,7.45631608819426,7.433511600284104,7.380402293826574,0.10735831756598414,87.53529580147446,2.409492757964136,0
2024-12-09 07:00:00,Batch_001,37.421284460105895,7.361958161066054,102.23252413403104,89.55025962256659,61.98203359010842,16.04070175584192,0.8946342088522405,91.13906126863456,9.731923235669033,107.44817125953608,0,7.304488499458889,7.45631608819426,7.333223330262472,0.04063718743492796,89.39466204620865,0.220048202758249,0
2024-12-09 07:15:00,Batch_001,36.74319200070259,7.304658945756079,101.9774540783928,88.76631168326092,57.838432259914725,15.3606930732827,0.1158194704932726,92.12548361665894,8.561211007787243,129.63894772867258,0,7.361958161066054,7.304488499458889,7.333308553411067,0.040516663702356716,89.15828565291375,0.5543349039804616,0
2024-12-09 07:30:00,Batch_001,38.12921680929218,7.252847851289576,102.68416643979336,89.92156315539843,58.24268217221592,14.182790275944146,0.5692562000920331,92.92574998321628,8.052063448973401,104.10793758912163,0,7.304658945756079,7.361958161066054,7.278753398522827,0.03663597623797072,89.34393741932968,0.8168861499242999,0
2024-12-09 07:45:00,Batch_001,37.786952128380726,7.287205196193867,101.21584544135234,91.82188703337694,57.19470685612185,14.600105098573549,2.771507064825915,94.4942692136799,9.912785912877505,113.29947890686196,0,7.252847851289576,7.304658945756079,7.270026523741722,0.024294311565404767,90.87172509438768,1.3437319005693324,0
2024-12-09 08:00:00,Batch_001,36.6954268021737,7.588385426921357,102.65085852281132,90.5106387175396,60.846773295013456,15.01224076142757,2.524314686300149,92.25666259317768,9.094632457060792,103.54105810479152,0,7.287205196193867,7.252847851289576,7.437795311557611,0.21296658350673545,91.16626287545827,0.9271925759480172,0
2024-12-09 08:15:00,Batch_001,36.01612204241949,7.412713323516635,99.85338877425797,94.28637410052636,62.50033025616364,15.137125706378187,1.1606405247682834,98.71814082905554,9.3837535111772,124.1365728408638,0,7.588385426921357,7.287205196193867,7.500549375218996,0.12421893558277824,92.39850640903299,2.6698480932758875,0
2024-12-09 08:30:00,Batch_001,37.62989460170642,7.36539960468778,102.32310402456493,86.78292174262027,58.34794561073436,14.033135003711772,-1.272715679312926,93.37497677144368,8.409046043287912,125.9042454764112,0,7.412713323516635,7.588385426921357,7.389056464102207,0.033455851427036706,90.53464792157331,5.305742044585591,0
2024-12-09 08:45:00,Batch_001,36.91298017104838,7.553578333850001,101.53619464214532,91.66130818551886,59.55220183304282,14.061765946188023,-0.711560790059705,97.00895777119574,9.660839195648196,109.42005955418426,0,7.36539960468778,7.412713323516635,7.45948896926889,0.1330624554656703,89.22211496406956,3.4495401350221533,0
2024-12-08 08:00:00,Batch_002,37.54811412780604,7.581450446703426,100.60909627482924,93.39476642420952,57.046910635227206,14.49541771248772,-0.5361005846309079,96.47651421191912,9.501659522822427,126.25623530103356,0,7.553578333850001,7.36539960468778,7.567514390276713,0.01970856000460452,92.5280373048642,1.2257400754817789,0
2024-12-08 08:15:00,Batch_002,37.65077645262733,7.359880612756348,100.90336118445734,94.71019029324836,59.70758141920271,14.332287194793476,-0.550228397043879,97.899928433946,9.196440288762371,101.83729854049926,0,7.581450446703426,7.553578333850001,7.470665529729887,0.1566735320903528,94.05247835872893,0.9301451379317923,0
2024-12-08 08:30:00,Batch_002,37.93026396584087,7.442907436820487,100.80137550064238,89.50179188224509,61.858617485563485,14.48946639713528,0.478363002246416,95.22364792728864,8.799879844036589,126.84125661070992,0,7.359880612756348,7.581450446703426,7.401394024788418,0.058708830316134095,92.10599108774673,3.6828938355416363,0
2024-12-08 08:45:00,Batch_002,37.81089846741907,7.019745210788354,101.7967089779826,87.60901937668724,59.19733838732696,15.601060240710488,0.1984688128116063,97.56360796666776,8.194564246131115,124.78378424658948,0,7.442907436820487,7.359880612756348,7.231326323804421,0.29922087956931787,88.55540562946616,1.3383922739235508,0
2024-12-08 09:00:00,Batch_002,37.93238364625607,7.337723742714607,101.64629285179204,90.64062621031891,57.620326216415286,15.444322144739669,1.1930466318555055,99.41617161108238,7.659323625459565,102.83770344466718,0,7.019745210788354,7.442907436820487,7.1787344767514805,0.2248447761967997,89.12482279350309,2.1436697499525064,0
2024-12-08 09:15:00,Batch_002,37.8181963981153,7.39457689708416,102.1477702001825,91.51731957054204,58.26336131898761,13.864829518848287,2.181796241979659,95.39894547018848,9.761256099277723,100.54508841503792,0,7.337723742714607,7.019745210788354,7.366150319899383,0.04020125098655982,91.07897289043048,0.6199158200350238,0
2024-12-08 09:30:00,Batch_002,37.82181171050525,7.403120838677923,99.85872081290482,88.98320230507002,56.60815849800916,14.94286826219577,0.8550456239563542,96.95439154727406,9.483685330327374,109.60957631879084,0,7.39457689708416,7.337723742714607,7.398848867881041,0.006041479039019595,90.25026093780603,1.7918915027372249,0
2024-12-08 09:45:00,Batch_002,36.990601712415845,7.372320936151093,102.20975343059872,90.86136059878376,58.82287486324472,15.154894543015986,1.429215129130513,90.44660011253436,9.067296294581066,127.2734845755314,0,7.403120838677923,7.39457689708416,7.387720887414508,0.021778819936610117,89.92228145192689,1.3280584656268275,0
2024-12-08 10:00:00,Batch_002,36.84771670765517,6.682773787978285,99.6715002449562,66.5715454540088,60.6802128056229,15.24062579962628,0.5447665588312682,83.06833018878932,6.917927701496053,118.0496378399624,1,7.372320936151093,7.403120838677923,7.0275473620646896,0.4875834644208404,78.71645302639628,17.175493002638138,1
2024-12-08 10:15:00,Batch_002,37.39269735175692,6.604183855897232,101.0808584569698,73.54864296816706,59.67551317397852,15.170567251786554,0.946382471842928,84.92864642829227,5.925278418854827,100.59582708329094,1,6.682773787978285,7.372320936151093,6.643478821937759,0.05557147390756072,70.06009421108793,4.93355296526147,1
2024-12-08 10:30:00,Batch_002,37.92266483653638,6.6434755954483045,99.98382275825442,70.77581230582763,56.962587504916094,15.34537441756288,0.3781919015945156,82.55070914310802,6.118316504143518,105.74175965261308,0,6.604183855897232,6.682773787978285,6.623829725672769,0.027783455481296668,72.16222763699734,1.9606873644230123,0
2024-12-08 10:45:00,Batch_002,37.92464133326508,6.543264115032074,100.14226811153532,77.57993003699401,60.35412113029749,14.402485988372156,0.0374960378181409,82.02233623340861,6.133653183852351,110.57907785510432,1,6.6434755954483045,6.604183855897232,6.593369855240189,0.07086021735510734,74.17787117141083,4.811237787699679,1
2024-12-08 11:00:00,Batch_002,37.10847441597193,6.566847958126753,101.37397108927652,64.83533052276135,59.31810692795711,15.595452351625172,-0.3390559491487619,83.7366627217492,5.746956319185983,123.64181579284752,1,6.543264115032074,6.6434755954483045,6.555056036579414,0.01667629537890175,71.20763027987769,9.011792740020878,1
2024-12-08 11:15:00,Batch_002,37.76818147076306,6.76216604760755,101.74938260420492,79.2072608479872,60.12577989546514,14.68555054659668,0.5366780611879365,84.16642674028255,6.443538463012436,125.75832380951545,0,6.566847958126753,6.543264115032074,6.664507002867151,0.13811074556029515,72.02129568537427,10.162489391707938,0
2024-12-08 11:30:00,Batch_002,37.67395384706163,6.8587590993694425,101.69426310546102,72.21905980437222,61.8696990694913,14.012572874590326,0.6441521586403064,81.50174223819249,6.131830157922425,126.30219878393405,0,6.76216604760755,6.566847958126753,6.810462573488496,0.06830160191637684,75.71316032617972,4.941404346235331,0
2024-12-08 11:45:00,Batch_002,37.89341185250694,6.809182254490648,101.39328355724687,70.98391514363584,60.52235143837363,14.89865707645926,2.101288301664405,80.08451044544216,5.881577763261465,106.85581232952288,1,6.8587590993694425,6.76216604760755,6.833970676930045,0.03505612320370311,71.60148747400403,0.8733791653549303,0
2024-12-08 12:00:00,Batch_002,37.32257336704868,6.593040393805867,101.02048875333789,64.71214291757822,59.09037790075861,14.859885654058276,-1.2992576171918666,83.3498461413565,5.712998706941888,122.94987284887291,1,6.809182254490648,6.8587590993694425,6.701111324148258,0.1528353753885065,67.84802903060702,4.43481267110324,1
2024-12-08 12:15:00,Batch_002,37.86693215357655,7.498454726771988,102.32422317650786,85.01894949159475,62.70775494377271,14.810926165330748,0.3255556038419984,91.05933992646334,8.507689858734878,112.39191805156514,0,6.593040393805867,6.809182254490648,7.045747560288928,0.6402246146238416,74.86554620458648,14.359080632730745,0
2024-12-08 12:30:00,Batch_002,37.69373925745664,7.501413315622529,102.29839865981302,91.52216353579686,60.56464053627277,14.463353114181828,0.0165297042451887,98.03348341895015,8.387130181133884,119.5493120325744,0,7.498454726771988,6.593040393805867,7.499934021197259,0.0020920382390642446,88.27055651369581,4.598466750162901,0
2024-12-08 12:45:00,Batch_002,38.20973478037489,7.239965529534508,100.65244059215615,87.66873905533572,62.59679970323663,14.220788531461585,-0.022197193969585,93.13673628181358,9.190751533261324,102.65936659504148,0,7.501413315622529,7.498454726771988,7.3706894225785184,0.18487150246905376,89.59545129556629,2.724782580924275,0
2024-12-08 13:00:00,Batch_002,37.7446032925256,7.272846629977062,101.87447963889684,90.17462362968747,58.70999655150087,14.81091701660585,0.0612713605208583,97.06558601898824,7.869595459102608,110.99503094444596,0,7.239965529534508,7.501413315622529,7.256406079755784,0.023250449095853123,88.92168134251159,1.7719279753948438,0
2024-12-08 13:15:00,Batch_002,37.62558819698147,7.288998504309506,102.26516341426893,89.90880387509023,58.95027995875842,15.334575492362491,-0.2664616909711466,91.6846472004126,7.565226259823506,104.13893270886354,0,7.272846629977062,7.239965529534508,7.280922567143284,0.01142109986943323,90.04171375238886,0.18796295104802566,0
2024-12-08 13:30:00,Batch_002,37.68785505120081,7.26730158524988,100.45171623045908,86.58315983303126,59.446047861360064,15.082003043837569,-1.5090646661207978,94.53557823843629,8.372990129634372,105.31291550311484,0,7.288998504309506,7.272846629977062,7.278150044779693,0.01534203859798387,88.24598185406074,2.351585453952535,0
2024-12-08 13:45:00,Batch_002,37.593072466507145,7.31995866570185,101.8132539604507,86.96173465327664,58.464091181161045,14.266779032314926,1.7897842282033318,96.43727183476106,9.907763033636096,111.3287826283718,0,7.26730158524988,7.288998504309506,7.293630125475865,0.037234178665099746,86.77244724315395,0.2676928225825984,0
2024-12-08 14:00:00,Batch_002,37.98094279573319,7.471821195375186,102.27607115319212,94.47348763074734,58.243307400364856,14.690519056275448,0.8020977653381657,92.78642972028368,7.916073491139403,111.10071343945644,0,7.31995866570185,7.26730158524988,7.395889930538518,0.10738302454016539,90.71761114201199,5.3116114689677225,0
2024-12-08 14:15:00,Batch_002,38.29487746026164,7.369524246287167,102.0544934760415,88.15267960776747,61.878300849967374,14.857469368781612,0.0118668343595131,93.7439118939643,9.297112750037632,112.27986970418068,0,7.471821195375186,7.31995866570185,7.420672720831176,0.07233486639484098,91.31308361925741,4.469486215627331,0
2024-12-08 14:30:00,Batch_002,37.37883911349907,7.335231335378698,100.90618445620476,90.40996612693527,60.51074064650776,14.964955267861628,-1.2272578486244832,97.70691680241735,8.217786996648849,109.26404480965242,0,7.369524246287167,7.471821195375186,7.352377790832932,0.024248749850035202,89.28132286735138,1.5961426047844898,0
2024-12-08 14:45:00,Batch_002,37.89245495578015,7.318754608385898,102.0482237610602,85.4641344785213,60.21966693316093,15.895331352227862,1.3110760639134726,97.71148571889074,8.953525455088231,122.69215152308374,0,7.335231335378698,7.369524246287167,7.326992971882298,0.011650805388438833,87.9370503027283,3.497231097200589,0
2024-12-08 15:00:00,Batch_002,37.10418558951113,7.347498058555926,102.32232407059088,88.02908786481284,61.78018551640452,14.735928199168177,0.377825131699476,97.96719469026908,9.60385092462936,109.38035443567549,0,7.318754608385898,7.335231335378698,7.333126333470912,0.02032468852996423,86.74661117166707,1.8136959328742877,0
2024-12-08 15:15:00,Batch_002,36.881965184449335,7.416254327616421,101.2343321700923,91.9037549654121,63.40703865597151,14.709755925106148,-0.5066396141529164,99.02317802904798,8.982612178187466,125.57487688366218,0,7.347498058555926,7.318754608385898,7.381876193086173,0.04861802410177696,89.96642141511248,2.7398033816741187,0
2024-12-08 15:30:00,Batch_002,37.69199215036649,7.467340606560562,99.37063930380194,91.00247631752508,59.13282579477,14.774168947560636,0.6056722606999927,97.32768540013711,8.311728218688437,123.31273773202344,0,7.416254327616421,7.347498058555926,7.441797467088492,0.036123454267005056,91.4531156414686,0.6373002436590773,0
2024-12-08 15:45:00,Batch_002,37.27925927685864,7.378513306142147,101.83341317710152,91.5271358576775,62.82748475223897,15.62885151383097,0.5687241013612211,90.65399596313078,9.230973727061542,121.64206813733462,0,7.467340606560562,7.416254327616421,7.422926956351354,0.0628103864803653,91.26480608760129,0.3709903186552208,0
2024-12-08 16:00:00,Batch_002,37.58808755046189,7.59741701318462,100.1367455955978,85.81199006808534,58.39309244172459,15.307719870198232,2.361026030935047,94.39086116135012,9.285835506969002,103.8230414827948,0,7.378513306142147,7.467340606560562,7.487965159663384,0.15478829567660857,88.66956296288141,4.041218343290381,0
2024-12-08 16:15:00,Batch_002,38.17458453805418,7.457203790489273,100.70340348680826,86.38974661822054,62.03692127518597,15.435704859185982,0.7802791394485667,90.34841349414928,9.268729319895966,121.23874627551945,0,7.59741701318462,7.378513306142147,7.527310401836946,0.09914572057990247,86.10086834315294,0.40853557447665345,0
2024-12-08 16:30:00,Batch_002,38.02124027788294,7.247154342491492,101.34120870171952,89.51358843171357,58.05574474028633,15.70516691902932,0.509416325283969,93.84504481228603,8.799133026421739,129.07482735110366,0,7.457203790489273,7.59741701318462,7.3521790664903826,0.1485273890637275,87.95166752496706,2.208889729675094,0
2024-12-08 16:45:00,Batch_002,38.1723822708226,7.358686925013531,101.2307915079307,94.2866335471908,57.727336689525,14.154225946232971,-0.3188605763005332,92.04897010652768,9.223466332505524,112.19467489419785,0,7.247154342491492,7.457203790489273,7.302920633752512,0.0788654454245945,91.90011098945219,3.3750525680631824,0
2024-12-08 17:00:00,Batch_002,37.46538046559272,7.328609234029639,102.60361000710064,88.56836112275865,61.26221002538545,13.972679881404396,-0.141386171335374,93.4542032339162,7.604338772412626,118.47379714869643,0,7.358686925013531,7.247154342491492,7.343648079521586,0.021268139257181233,91.42749733497473,4.04342920798795,0
2024-12-08 17:15:00,Batch_002,38.150891830634585,7.529259274613638,102.69117287035384,89.33592708900127,58.06402240055439,14.724125703261642,-1.907411682546189,99.9834925090932,8.180728135877157,120.50272232968794,0,7.328609234029639,7.358686925013531,7.428934254321639,0.14188100434230455,88.95214410587997,0.5427510997382436,0
2024-12-08 17:30:00,Batch_002,37.69392083579192,7.528802643123039,102.55460412932489,92.9491404003376,59.98580480627851,15.111656509893823,1.7981484185424634,90.49632457657712,9.650522918728845,102.1058068334162,0,7.529259274613638,7.328609234029639,7.529030958868338,0.0003228872234500278,91.14253374466944,2.5549276343193266,0
2024-12-08 17:45:00,Batch_002,37.87330286531578,7.437111448988035,102.09303180796962,88.84534548120104,61.41714906531082,14.9233361156528,-0.8332242744884679,98.46180245359707,8.592301609220225,126.28784103939908,0,7.528802643123039,7.529259274613638,7.482957046055537,0.06483546514795611,90.89724294076932,2.901821215920294,0
2024-12-08 18:00:00,Batch_002,37.56870521106231,7.407484899708625,101.7722407321782,85.67432361772585,57.3858637562421,15.335540583215703,1.076301058108364,91.18539564323694,8.231675219775974,102.88536521818656,0,7.437111448988035,7.528802643123039,7.42229817434833,0.020949133898646378,87.25983454946345,2.2422510629542107,0
2024-12-08 18:15:00,Batch_002,37.38233149753103,7.29023207937064,102.63238680797453,85.58524722045075,59.81206086459055,15.56961306273777,1.522325671414669,93.7637294587237,8.551860201728433,116.98502099159012,0,7.407484899708625,7.437111448988035,7.348858489539633,0.08291026437424473,85.62978541908831,0.06298652456381477,0
2024-12-08 18:30:00,Batch_002,37.243348700736,7.486584323677186,101.22513875428764,91.278135238335,60.71188080237263,14.748646536801097,-0.5794412174360151,93.48657449925524,9.616766862144228,102.09546966000552,0,7.29023207937064,7.407484899708625,7.388408201523913,0.1388420034503598,88.43169122939287,4.025479721981611,0
2024-12-08 18:45:00,Batch_002,38.04052057772674,7.265015529189423,101.11245002338136,91.97919246925365,62.17543784427927,15.363665739721322,-1.1883958384875106,96.7732708374549,9.521076945879242,125.03954727731896,0,7.486584323677186,7.29023207937064,7.375799926433304,0.156672797081629,91.62866385379432,0.49572232198176835,0
2024-12-08 19:00:00,Batch_002,37.628409528012654,7.316765496648162,100.8755375827602,85.98594617195977,62.51171846445776,14.555903846942494,-0.207796614506877,99.8424101046202,7.955238242154241,119.40208758991264,0,7.265015529189423,7.486584323677186,7.290890512918793,0.036592752916277255,88.9825693206067,4.237865098137684,0
2024-12-08 19:15:00,Batch_002,37.97619733110534,7.470029284454118,101.66161444618751,85.25938157094701,58.44281520631529,14.277229244526607,1.489332296191758,90.12635784277452,9.371386133940504,112.90809929403258,0,7.316765496648162,7.265015529189423,7.39339739055114,0.10837386366793171,85.6226638714534,0.513758756347361,0
2024-12-08 19:30:00,Batch_002,37.28193836961204,7.103064424698095,102.72531491036868,92.79709827976644,57.48516723621744,14.238504038785624,0.1506403387157427,98.65189505346672,9.36879879752361,127.9777378519856,0,7.470029284454118,7.316765496648162,7.286546854576107,0.2594833407906577,89.02823992535673,5.32997059946937,0
2024-12-08 19:45:00,Batch_002,37.30769184452736,7.568786288810139,102.63995351860842,85.1174612898321,62.11939692454192,15.38186369665829,1.919613584336292,91.08339702561572,7.561915587852142,107.45033149350716,0,7.103064424698095,7.470029284454118,7.335925356754117,0.3293150882604678,88.95727978479927,5.430323392633634,0
2024-12-08 20:00:00,Batch_002,37.23363415404672,7.275314166253806,101.85187579915974,87.13457525248391,61.053866204962624,14.908062813080562,2.5240290208760485,94.03563770375712,9.116796758086666,106.2531728899902,0,7.568786288810139,7.103064424698095,7.422050227531972,0.20751612794879334,86.126018271158,1.4263149614175366,0
2024-12-08 20:15:00,Batch_002,37.92571284534191,7.491589080113092,102.79371189989332,93.7551188399961,62.1433522199171,15.121472513949143,0.3758183148771235,92.9049726594844,9.858620998703934,129.97086274292374,0,7.275314166253806,7.568786288810139,7.383451623183449,0.15292945819044038,90.44484704624,4.68143126587094,0
2024-12-08 20:30:00,Batch_002,37.06980652989739,7.242461993476905,100.9394111490296,86.69169299599453,62.40514027101793,14.959732987301678,2.194308024280907,92.7257565643404,8.64602778733154,100.85024553452573,0,7.491589080113092,7.275314166253806,7.367025536794999,0.176159452337699,90.22340591799531,4.994596312701792,0
2024-12-08 20:45:00,Batch_002,37.44652146658977,7.414436565635781,100.3638023766048,91.53738691609934,59.81528765828028,14.584903581315311,-0.1891356788319155,91.6304297498254,9.31855621674596,111.10967104433718,0,7.242461993476905,7.491589080113092,7.328449279556343,0.12160438616520075,89.11453995604694,3.4264230304605383,0
2024-12-08 21:00:00,Batch_002,37.49503199997184,7.594844605675338,99.19587228353544,86.25137136470887,62.09666522699963,15.118817025006877,2.9266651105603465,93.24817103786188,7.516285568191342,102.38276279335152,0,7.414436565635781,7.242461993476905,7.50464058565556,0.12756774849254718,88.89437914040411,3.7377774418457568,0
2024-12-08 21:15:00,Batch_002,37.5090421718009,7.208360631468039,101.79869422944104,86.00289857668318,60.42135651039625,15.00859652744565,0.9001042088776087,98.56644739486649,9.69051450250954,117.97762864044935,0,7.594844605675338,7.414436565635781,7.4016026185716886,0.2732854389819094,86.12713497069603,0.17569679335604013,0
2024-12-08 21:30:00,Batch_002,38.167633596838805,7.403222165775913,104.64095549145722,93.23204366188098,59.95263948355837,14.656599826489485,2.3604467370412805,98.95330476874544,7.856922998454684,110.26633764182682,1,7.208360631468039,7.594844605675338,7.305791398621976,0.1377879123015171,89.61747111928207,5.111777511924753,1
2024-12-08 21:45:00,Batch_002,36.739962259987685,7.284596903259755,102.02966768360398,85.32079469622626,60.52800747340503,15.691615666159072,0.6396504018671996,99.79932015742938,8.820652894807175,118.14583116305494,0,7.403222165775913,7.208360631468039,7.3439095345178345,0.08388072754521601,89.27641917905362,5.594097791269516,0
2024-12-08 22:00:00,Batch_002,36.83313472299736,7.279670907199098,102.17858918277676,88.39388558574402,62.386774058375565,15.398465941574557,0.1045793174506274,99.66291880420506,9.926127780793925,123.78727490105288,0,7.284596903259755,7.403222165775913,7.2821339052294265,0.0034832052187429583,86.85734014098514,2.173003407180798,0
2024-12-08 22:15:00,Batch_002,37.25644381820399,7.456709774178681,100.5545653227136,86.81240598209934,59.14179117403891,14.590561748282994,-0.9115116525356332,91.54125710100573,8.604249098021294,118.07018879180744,0,7.279670907199098,7.284596903259755,7.36819034068889,0.12518538337484925,87.60314578392168,1.1182749520456228,0
2024-12-08 22:30:00,Batch_002,37.79789793697912,7.371437363643653,100.82773276440868,93.63269085205224,61.467958745580255,14.871041259917442,0.9507718744296658,95.72873167805214,9.2035575392193,128.5815297230958,0,7.456709774178681,7.279670907199098,7.414073568911167,0.06029669973744654,90.22254841707579,4.822669681167657,0
2024-12-08 22:45:00,Batch_002,37.09066379474948,7.211274636651688,102.7346365531846,93.16977928663326,57.25611385995828,14.780996114983092,-0.6782982314709356,90.60294745469872,9.960785551701928,107.29270856709996,0,7.371437363643653,7.456709774178681,7.291356000147671,0.11325215034935275,93.40123506934275,0.3273279069947849,0
2024-12-08 23:00:00,Batch_002,37.50597625890264,7.527115601546702,102.17928824210428,93.20193168270896,57.610106552261,14.734368309491195,0.6749360126360101,97.16153663263188,8.001000479055186,109.8952982441311,0,7.211274636651688,7.371437363643653,7.369195119099195,0.22333328805376798,93.18585548467111,0.022735177260196356,0
2024-12-08 23:15:00,Batch_002,37.859378288991024,7.371777622804834,100.80534164793067,92.15336008313206,62.25936964036825,14.47699921129212,0.9511852238232568,92.56341790632484,8.044120490672153,106.04375710858994,0,7.527115601546702,7.211274636651688,7.449446612175768,0.1098405381441884,92.6776458829205,0.7414520886194805,0
2024-12-08 23:30:00,Batch_002,38.12644552654552,7.349756696649189,101.89831373104808,88.76500952928932,61.28986624036118,14.856851965610415,0.3770863250297439,98.4746166161774,7.6969136126228594,127.37946396124268,0,7.371777622804834,7.527115601546702,7.360767159727011,0.015571146212690753,90.45918480621069,2.395925653659298,0
2024-12-08 23:45:00,Batch_002,38.0258447970549,7.457093321628408,101.55107152236788,87.94280132904812,61.12888925095827,15.543673194606994,0.663927926592258,95.77285694341708,9.335671971472909,108.42425299929624,0,7.349756696649189,7.371777622804834,7.4034250091387985,0.07589845539248642,88.35390542916872,0.5813889939381512,0
2024-12-09 00:00:00,Batch_002,37.31961131204908,7.594047388447138,102.71402495400798,93.82758510991556,60.16998942954688,14.505379915032952,2.357585957995224,94.52523633657027,9.64145789395688,106.64085894680022,0,7.457093321628408,7.349756696649189,7.5255703550377735,0.09684114935859774,90.88519321948183,4.1611705172679,0
2024-12-09 00:15:00,Batch_002,37.76043715435527,7.406331383762388,100.46267091141902,94.89708539912044,61.5493852728844,15.083125598456515,0.5867114296403397,97.1336326977753,8.73270957988474,119.2501905568502,0,7.594047388447138,7.457093321628408,7.500189386104763,0.13273525984983175,94.362335254518,0.7562509069763474,0
2024-12-09 00:30:00,Batch_002,36.804139541199845,7.537196755158014,100.69054638834422,85.43669018873459,58.35303017427179,16.2230852441382,-0.5013074943951308,97.94344002289562,8.05834171541402,110.55043425728722,0,7.406331383762388,7.594047388447138,7.471764069460201,0.09253579153634278,90.16688779392751,6.689509605968557,0
2024-12-09 00:45:00,Batch_002,37.98152065491254,7.336503171270341,102.9367542211314,92.5494759666224,59.77704096044504,14.672997725822926,0.5785397334939754,95.37146433100024,7.75486393208861,125.50868624582316,0,7.537196755158014,7.406331383762388,7.436849963214177,0.1419117941076056,88.99308307767849,5.029499056671734,0
2024-12-09 01:00:00,Batch_002,38.17160856198973,7.334180761769783,100.88847551445636,89.22488904971372,59.13401120257329,15.380703762878529,1.7212519596893796,97.07082837979571,9.524230901710254,114.83598455699575,0,7.336503171270341,7.537196755158014,7.335341966520062,0.0016421915067890659,90.88718250816805,2.35083795359008,0
2024-12-09 01:15:00,Batch_002,37.61657438712598,7.470559692680917,101.53267789771223,86.64620625794002,58.82216704289296,13.46057201977057,0.6683181269916453,98.49806170243626,7.628661550621053,102.0978842027668,0,7.334180761769783,7.336503171270341,7.40237022722535,0.09643446685823609,87.93554765382687,1.8234040885924296,0
2024-12-09 01:30:00,Batch_002,36.91013507441426,7.371153518954273,101.540555316609,86.70744731309563,58.79172154141812,14.440579006067711,0.99021427929258,99.0698269340802,7.505049233159858,108.6544764469506,0,7.470559692680917,7.334180761769783,7.420856605817595,0.07029077953391946,86.67682678551782,0.04330396540121588,0
2024-12-09 01:45:00,Batch_002,37.74298390700485,7.331881647977498,100.85256349391032,87.54985770156014,60.65175954613693,14.776322250066247,0.2663201267894494,94.5653289032758,9.757674816851722,114.41108430756272,0,7.371153518954273,7.470559692680917,7.351517583465886,0.02776940627757332,87.12865250732789,0.5956740982260892,0
2024-12-09 02:00:00,Batch_002,37.62235800024781,7.272553508464776,101.57871675960442,92.65603315930252,58.345750622849664,14.774597966218863,2.698410270687373,94.0735670221575,7.504297509826536,103.71921497962104,0,7.331881647977498,7.371153518954273,7.302217578221137,0.04195132976464004,90.10294543043133,3.610611292097935,0
2024-12-09 02:15:00,Batch_002,37.43528853639217,7.376050026438759,100.56175204436184,92.49705665531704,60.87632322284658,13.85117276213022,0.8357979460160555,93.3441511725889,8.153838581216625,119.494915268197,0,7.272553508464776,7.331881647977498,7.324301767451768,0.0731830896886044,92.57654490730978,0.11241336401225858,0
2024-12-09 02:30:00,Batch_002,36.38538310353451,7.356103496745503,101.96378650127193,87.27410603228094,61.22217864002821,14.525199231390776,0.7495220468804346,97.9562136716821,7.719771394675683,124.82998886835551,0,7.376050026438759,7.272553508464776,7.366076761592131,0.014104326407257825,89.88558134379899,3.6931838033513147,0
2024-12-09 02:45:00,Batch_002,37.34696227414963,7.378629164969018,99.13523459198572,86.02793227140937,59.04759885196532,15.113359182932063,0.6830463070140189,99.2680702641592,8.852151830741914,122.15558085393592,0,7.356103496745503,7.376050026438759,7.36736633085726,0.015928052751621537,86.65101915184516,0.8811779168496997,0
2024-12-09 03:00:00,Batch_002,38.01929731678565,7.534700064151886,99.79666176818796,87.92999418879995,58.275549484473935,14.33801652482415,-0.5685693974823616,90.35911777979337,7.580721038208422,121.60890604803558,0,7.378629164969018,7.356103496745503,7.456664614560452,0.11035879115808753,86.97896323010465,1.344960880023961,0
2024-12-09 03:15:00,Batch_002,36.50966162136343,7.395801684323874,101.4895527235182,88.5159573231332,57.992808107334994,14.940749741367007,1.10446501254845,96.69275117580374,8.732250352733903,116.94810796839988,0,7.534700064151886,7.378629164969018,7.46525087423788,0.09821598627221124,88.22297575596657,0.414338505813075,0
2024-12-09 03:30:00,Batch_002,37.76004640923527,7.49059241453251,101.57409841302103,91.21961311976068,60.948521310908944,15.89191456648748,1.5608749285989445,93.2947401823883,9.322932834024936,129.8057883443599,0,7.395801684323874,7.534700064151886,7.443197049428192,0.0670271681241505,89.86778522144694,1.9117733477895973,0
2024-12-09 03:45:00,Batch_002,38.262974863336495,7.466541340660073,102.07098442465028,88.5959112195222,62.43689548852217,15.018802660553936,0.1757866812481006,92.58294832228152,8.358640196064213,114.95818577538772,0,7.49059241453251,7.395801684323874,7.4785668775962915,0.017006677430012017,89.90776216964144,1.8552374054706389,0
2024-12-09 04:00:00,Batch_002,37.750635684216526,7.330145821376963,101.83478028351212,86.57765560820354,61.707936733526985,14.048282735810217,2.1167381269586194,95.39397945708308,8.796605332979372,101.10304669646445,0,7.466541340660073,7.49059241453251,7.398343581018517,0.09644619660854825,87.58678341386286,1.4271222289314858,0
2024-12-09 04:15:00,Batch_002,38.183608919832686,7.473800971124254,99.49970352770984,88.04501802919722,58.80114085548919,14.808669811539463,-0.2905560924876789,94.983316391645,9.493403994175289,107.4785188190378,0,7.330145821376963,7.466541340660073,7.401973396250608,0.1015795305386791,87.31133681870038,1.0375819183433521,0
2024-12-09 04:30:00,Batch_002,37.874022026011474,7.577982109546499,100.54305173547117,90.4775894143477,57.386618474074666,15.505907212128877,1.5127464531438766,93.60905636449606,7.945812641932288,116.19519117830184,0,7.473800971124254,7.330145821376963,7.525891540335376,0.0736671894501021,89.26130372177246,1.7200877221602808,0
2024-12-09 04:45:00,Batch_002,37.41878789881417,7.412815384617612,101.54802241431352,93.04824149186686,59.54497476192097,14.999570527187185,2.0028578733708127,91.21594358174076,8.110908060098355,117.17753726342868,0,7.577982109546499,7.473800971124254,7.495398747082056,0.11679051122358867,91.76291545310728,1.8177255160848294,0
2024-12-09 05:00:00,Batch_002,37.00829947419606,7.339379784785565,102.13195251291356,91.56003399372884,61.99501110889922,15.26933221022864,0.6208425248715213,90.8151063069995,8.136864975565354,124.98150159251296,0,7.412815384617612,7.577982109546499,7.376097584701588,0.051926810621743945,92.30413774279785,1.0523216137455247,0
2024-12-09 05:15:00,Batch_002,36.97376816450509,7.459201094328858,100.45659921321662,93.666432581541,59.59111624257464,13.601890527516373,-0.5716856090890075,98.60219159362588,8.753555241728101,121.71445227275598,0,7.339379784785565,7.412815384617612,7.399290439557211,0.08472646050871527,92.61323328763493,1.489448725323333,0
2024-12-09 05:30:00,Batch_002,38.2331523939116,7.319478150823392,101.67949414913704,91.9020585470588,60.79252337994141,14.103375812678715,-1.7928766505604392,94.84232180968412,8.21457206776046,115.56624566749092,0,7.459201094328858,7.339379784785565,7.389339622576125,0.09879904084006015,92.78424556429991,1.2476008443313098,0
2024-12-09 05:45:00,Batch_002,38.22185100973363,7.61469724560845,100.75119158396224,92.0596513595857,58.53817374854068,14.694757418225846,3.1568484715957617,93.73286496344222,9.83177122951643,101.22281269204304,0,7.319478150823392,7.459201094328858,7.467087698215921,0.20875142385826784,91.98085495332225,0.11143494639951611,0
2024-12-09 06:00:00,Batch_002,37.63659157520426,7.610122113230892,101.93427791213662,86.08319968239218,58.7177611333177,15.069830906637776,1.6150803147695427,99.1176218760282,9.818087001611978,117.87584944138726,0,7.61469724560845,7.319478150823392,7.61240967941967,0.003235107128889434,89.07142552098894,4.225989508377254,0
2024-12-09 06:15:00,Batch_002,37.91530939173165,7.367419289955216,101.57390914760948,86.87237909277555,60.03762537211672,15.06155005354676,0.6132809246882639,90.46772072310678,8.73091479056549,120.3496711471992,0,7.610122113230892,7.61469724560845,7.4887707015930545,0.17161681215135036,86.47778938758387,0.5580341126556567,0
2024-12-09 06:30:00,Batch_002,36.80469099413044,7.452327564443505,101.14631488765154,93.37544269354026,58.9349246712391,14.25536584954007,0.1364159710639731,98.64166138533976,8.627342393596289,129.37218573154928,0,7.367419289955216,7.610122113230892,7.4098734271993605,0.060039216669521035,90.1239108931579,4.598360370588088,0
2024-12-09 06:45:00,Batch_002,36.9825251894369,7.422687912601922,101.03266972310392,89.29960311532959,59.207361292856696,14.829395608864337,1.358552747728302,95.77536532220958,8.192990269449686,112.0901692913528,0,7.452327564443505,7.367419289955216,7.437507738522713,0.020958398809199252,91.33752290443493,2.8820538047811253,0
2024-12-09 07:00:00,Batch_002,37.110669845421846,7.442680963407267,100.25964397918216,91.211970393956,60.54029056918083,15.69519688899124,1.096191145352433,99.13377966523215,8.438073451531869,117.83242224481474,0,7.422687912601922,7.452327564443505,7.432684438004594,0.014137221801078683,90.2557867546428,1.3522478708357986,0
2024-12-09 07:15:00,Batch_002,36.62899803105967,7.228057044750951,102.33437269118858,88.73634481753065,58.72381672093536,15.38689092053203,0.1427750150605372,98.9984716032824,8.271379276513581,107.5334040909157,0,7.442680963407267,7.422687912601922,7.335369004079109,0.1517620282867135,89.97415760574333,1.7505316327690943,0
2024-12-09 07:30:00,Batch_002,37.49314571334124,7.553408080162226,102.00641020193429,86.09904778318159,59.35078195242376,14.712606326856632,1.1112445365134656,97.45640689140092,8.137055173325988,111.315592515221,0,7.228057044750951,7.442680963407267,7.390732562456589,0.2300579234053786,87.41769630035611,1.8648506169915307,0
2024-12-09 07:45:00,Batch_002,37.97850680130548,7.316241410537256,103.01154650500824,93.38579194815031,60.58295716526271,15.689727323147164,2.394351714638715,90.0189005006592,9.985332069691456,120.58413543323564,0,7.553408080162226,7.228057044750951,7.434824745349742,0.1677021603632469,89.74241986566595,5.152506211820853,0
2024-12-09 08:00:00,Batch_002,37.626214121517286,7.5269558552371025,103.00014070260114,92.3127249040204,61.57453087490869,14.874950461874212,0.8186405177012168,92.75475017203358,7.934862111942015,117.04683243276988,0,7.316241410537256,7.553408080162226,7.4215986328871795,0.14899761274121995,92.84925842608536,0.758772983570992,0
2024-12-09 08:15:00,Batch_002,37.601672136208286,7.42600438708253,101.1962422572662,88.85642366617455,62.51536431480937,14.329058890390208,0.2143702932308608,92.5488070562681,8.953551129927673,107.06063042694336,0,7.5269558552371025,7.316241410537256,7.476480121159817,0.07138346770283623,90.58457428509747,2.4439740431041095,0
2024-12-09 08:30:00,Batch_002,37.60791334456227,7.443326970005184,102.7712495217469,88.28789842735677,59.34516824441252,14.819985656554774,0.6913922353981757,97.91880022583013,9.80814068112238,126.23017007736692,0,7.42600438708253,7.5269558552371025,7.4346656785438565,0.012248915852279834,88.57216104676566,0.4020080516438455,0
2024-12-09 08:45:00,Batch_002,37.415768089885056,7.345634564689253,102.440191837277,87.10952857169282,61.93339820377055,13.866166583810864,-0.2782446323863581,99.80897844903686,8.453725750157568,107.69146728546374,0,7.443326970005184,7.42600438708253,7.394480767347218,0.06907896226932032,87.69871349952479,0.8332333156860452,0
2024-12-08 08:00:00,Batch_003,37.33606542986731,7.3831192416795695,102.44104254034366,90.68363905827738,61.81095738975775,15.341601228797993,0.5117990367474121,98.02402531616217,8.15121532926345,118.01900326442497,0,7.345634564689253,7.443326970005184,7.364376903184411,0.026505669290443342,88.89658381498509,2.5272777617738758,0
2024-12-08 08:15:00,Batch_003,37.14720429009349,7.249921443116532,101.01600642864692,94.42339769329126,62.25729365842327,14.25037987905891,-0.353690864155493,92.53290061652882,8.679616209346275,116.40957933550747,0,7.3831192416795695,7.345634564689253,7.316520342398051,0.09418506660304345,92.55351837578432,2.6444086908189592,0
2024-12-08 08:30:00,Batch_003,37.691816131006846,7.3837409140440595,102.73795023830952,86.719142364516,57.24815642329924,14.26877259575116,-0.3855156304284506,94.96847036708292,8.467875088532825,105.7496143179559,0,7.249921443116532,7.3831192416795695,7.316831178580296,0.09462465534765065,90.57127002890363,5.44773118696951,0
2024-12-08 08:45:00,Batch_003,37.40413004223605,7.371365707620113,99.85974039304912,93.49845144797676,57.01902304982896,15.453028386503153,-0.6447519122690053,92.68715424689309,8.707996564903548,121.25509876639867,0,7.3837409140440595,7.249921443116532,7.377553310832086,0.008750592380970448,90.10879690624638,4.793695424674606,0
2024-12-08 09:00:00,Batch_003,37.503632808887616,7.497346303210536,101.62086115191546,92.49429598039134,58.24216673958003,15.141139668644367,-0.4654741638931077,94.15909481294568,8.959708710651519,118.05788009509632,0,7.371365707620113,7.3837409140440595,7.434356005415324,0.08908173343991099,92.99637371418405,0.7100451404940238,0
2024-12-08 09:15:00,Batch_003,37.733864811282814,7.349914122335905,101.58464520464976,88.3221582017415,61.384686545945,14.76635384808952,1.27043989572907,93.1625174742402,8.972123398752617,119.47887153464586,0,7.497346303210536,7.371365707620113,7.4236302127732205,0.10425029486157524,90.40822709106642,2.9501469153277804,0
2024-12-08 09:30:00,Batch_003,38.06138974846243,7.378576913962699,101.86791666435182,90.67288695755178,62.959746012651976,15.201991205847593,1.206081124551312,98.51655756155704,8.532548006015432,104.56395336213244,0,7.349914122335905,7.497346303210536,7.364245518149302,0.020267654327047798,89.49752257964664,1.6622162439635948,0
2024-12-08 09:45:00,Batch_003,37.71612204824461,7.334413582119926,100.22273406072078,94.0631411809324,56.15974224133965,15.239948064447288,-0.1253938896017639,95.8221166388429,9.344826330834042,104.93684287542708,0,7.378576913962699,7.349914122335905,7.356495248041313,0.031228191425819715,92.3680140692421,2.397271751298484,0
2024-12-08 10:00:00,Batch_003,36.87476875771947,7.362181657675298,101.2078154914689,89.97858862565876,58.25153803446084,15.180888490541038,1.3535753410079012,93.10451492612276,8.650948680434464,106.51819665865918,0,7.334413582119926,7.378576913962699,7.348297619897612,0.01963499452570878,92.02086490329557,2.8882148099466267,0
2024-12-08 10:15:00,Batch_003,37.55750231106386,7.249516171409243,101.6987421473209,86.37985459042423,58.69174328161503,14.989810280165834,-0.782574579127858,91.37028284570552,9.19446199537023,105.0036428843168,0,7.362181657675298,7.334413582119926,7.3058489145422705,0.0796665293444084,88.1792216080415,2.5446892400012473,0
2024-12-08 10:30:00,Batch_003,37.90159630422413,7.366347065629976,100.55782447216014,89.06355401097484,60.22163852642068,15.165943948894167,2.1199621699238955,95.06769481668726,9.246861197937363,114.1390239049765,0,7.249516171409243,7.362181657675298,7.30793161851961,0.08261191755556989,87.72170430069954,1.8976620589379092,0
2024-12-08 10:45:00,Batch_003,37.4224432165759,7.225201716381434,102.78748702541152,92.18727529949652,60.59134859235116,14.467080816224376,2.058224613051899,90.83491344526502,8.735444555711922,127.50801666800947,0,7.366347065629976,7.249516171409243,7.295774391005706,0.09980483358658887,90.62541465523569,2.2088045056503205,0
2024-12-08 11:00:00,Batch_003,36.88414483283793,7.509740404266044,101.8959544119089,92.8454596530648,61.0894319980408,14.301677827451655,-0.6687807141492632,98.38490199897234,7.933054009640685,112.87537851863132,0,7.225201716381434,7.366347065629976,7.367471060323739,0.20119923571313036,92.51636747628066,0.46540661967748476,0
2024-12-08 11:15:00,Batch_003,37.34936942102081,7.372708107943673,100.45850369955134,85.35918723349059,60.78087451664932,14.789536715123486,2.097182165579724,96.75310128298824,8.576381443403005,109.09960539682687,0,7.509740404266044,7.225201716381434,7.441224256104858,0.09689646597111402,89.1023234432777,5.293593993690747,0
2024-12-08 11:30:00,Batch_003,37.09707219068012,7.309985109314218,101.84511852663796,85.95824655735315,57.88401787355198,14.524093537269543,-0.0299263087657042,92.27582407024212,9.85515349066165,126.91305498280931,0,7.372708107943673,7.509740404266044,7.341346608628946,0.0443518576672451,85.65871689542186,0.4235989102380241,0
2024-12-08 11:45:00,Batch_003,38.17768405526094,7.459861714715603,102.20492308731588,89.01786241679748,62.47535483803316,14.484262346247345,1.3155738350730135,93.99031813572876,8.56466242730577,126.37133991014394,0,7.309985109314218,7.372708107943673,7.384923412014911,0.10597876402054028,87.48805448707532,2.163475122039159,0
2024-12-08 12:00:00,Batch_003,37.6187086744691,7.703563141608397,103.12766833992872,88.35911572079998,60.54164572820667,15.213780867260557,1.0132182118221764,91.68377713645116,7.971808608713074,122.40214118055752,1,7.459861714715603,7.309985109314218,7.581712428162,0.17232293154073017,88.68848906879873,0.46580425582424095,0
2024-12-08 12:15:00,Batch_003,37.43499288115225,7.305108678562773,101.95526018918711,90.40668592883974,58.16198708309789,15.086251986793942,-0.6909714891977683,99.7791208577306,7.611447411347071,115.2710699413718,0,7.703563141608397,7.459861714715603,7.504335910085585,0.2817498528136053,89.38290082481986,1.4478507790604087,0
2024-12-08 12:30:00,Batch_003,37.6546946237037,7.454800804702855,102.43104590382818,94.66182241574111,62.306248320779616,14.937790392992389,0.4734175174717845,92.78701529240728,8.86832985863098,107.45610404311736,0,7.305108678562773,7.703563141608397,7.3799547416328135,0.10584831748388836,92.53425417229042,3.008835864762008,0
2024-12-08 12:45:00,Batch_003,36.86801325901041,7.35725193896958,100.9089217099466,87.5164296368507,62.9372149598245,14.494321367508665,1.534155063407968,93.67977186561689,8.717063902567595,120.77936476153396,0,7.454800804702855,7.305108678562773,7.406026371836218,0.0689774644570604,91.0891260262959,5.052555688194706,0
2024-12-08 13:00:00,Batch_003,38.17705922816292,7.359170048008189,102.38042740551354,94.91401795673026,59.53844985634354,15.427561469308436,1.0246159922679137,95.90783038510416,9.127954650610569,121.99147383525958,0,7.35725193896958,7.454800804702855,7.358210993488885,0.001356307908665363,91.21522379679048,5.230884865413145,0
2024-12-08 13:15:00,Batch_003,37.810981045111234,7.444608981495135,103.32257763207532,85.2510289490885,59.69886779909289,14.890587302995302,0.7142157347677097,95.44493454726128,8.45518231858258,104.88653358817088,0,7.359170048008189,7.35725193896958,7.401889514751662,0.06041444924597182,90.08252345290938,6.832765053834521,0
2024-12-08 13:30:00,Batch_003,36.817008982274686,7.485254804680876,101.70096617343378,89.45797143491247,61.21413714230994,13.868061469791588,0.3401304890388697,92.23616847254544,9.764193654137898,101.93079732221452,0,7.444608981495135,7.359170048008189,7.464931893088005,0.028740937201550982,87.35450019200047,2.974757559787997,0
2024-12-08 13:45:00,Batch_003,38.18343433825686,7.545020396607151,101.25240172858456,92.6809168188036,61.74362098418963,15.292652305169357,0.1684398176814904,98.96935738659435,8.519860563389816,100.25604918802053,0,7.485254804680876,7.444608981495135,7.515137600644014,0.042260655332694914,91.06944412685803,2.2789665363431,0
2024-12-08 14:00:00,Batch_003,37.87159512366608,7.39615419929686,100.9533761233664,92.8634936856824,58.326254947975606,14.781445151254191,0.5375406611154883,91.84492869355824,8.791026452068765,114.30301658527122,0,7.545020396607151,7.485254804680876,7.470587297952005,0.10526429760756256,92.772205252243,0.1291013406520445,0
2024-12-08 14:15:00,Batch_003,37.29388108621874,7.229874509365767,101.02382752760258,85.14640694015279,57.0952995972585,14.21047447160961,1.533882175746442,94.4891934903512,9.856290072509092,123.08114148685657,0,7.39615419929686,7.545020396607151,7.3130143543313135,0.11757749632388075,89.0049503129176,5.456804368768801,0
2024-12-08 14:30:00,Batch_003,36.7703115003937,7.332768456026051,102.84294978764164,88.33455443560707,58.48351161284871,14.974084859986156,-0.0304209517093613,92.96593120106354,9.20972379405328,116.11202414499616,0,7.229874509365767,7.39615419929686,7.281321482695909,0.07275700742654984,86.74048068787994,2.2543607134587877,0
2024-12-08 14:45:00,Batch_003,37.45799407954546,7.358559177026521,103.46534166860168,91.754304875386,61.3983373448764,14.437900971330656,-1.0962183378294943,90.592114343186,8.92940219213273,125.96328049340374,0,7.332768456026051,7.229874509365767,7.345663816526287,0.018236793711167425,90.04442965549654,2.418128725933245,0
2024-12-08 15:00:00,Batch_003,37.8236284673633,7.352134911106776,100.73039079791172,87.35288519659413,59.4992121347737,15.388388086826897,-0.870275330190228,90.7955815991907,7.656242782610793,111.70573911023835,0,7.358559177026521,7.332768456026051,7.355347044066649,0.004542641996168275,89.55359503599007,3.1122737017215893,0
2024-12-08 15:15:00,Batch_003,37.48031000944167,7.500209515357945,100.86565146700512,90.39145741233384,59.54897620610049,14.83722147770363,0.2093897034558056,96.62154410167696,8.686945716527244,119.62262059550844,0,7.352134911106776,7.358559177026521,7.426172213232361,0.10470455678752003,88.87217130446399,2.148595018874556,0
2024-12-08 15:30:00,Batch_003,37.57024115137541,7.565281883523188,101.42909341589528,92.8518807860246,60.44750817726169,16.12674941049558,0.524746986876694,91.58252571133988,7.594588147918041,127.98431702926182,0,7.500209515357945,7.352134911106776,7.532745699440566,0.046013112797511004,91.62166909917921,1.7397820521262934,0
2024-12-08 15:45:00,Batch_003,38.27765243932548,7.362167885131415,102.2488815765184,93.23574140646431,59.609548095833205,14.303205189482105,0.2420466888124723,95.4151934444654,9.48997150657561,115.44547267243696,0,7.565281883523188,7.500209515357945,7.463724884327301,0.14362328561673787,93.04381109624445,0.27143044774027536,0
2024-12-08 16:00:00,Batch_003,37.94157602546067,7.420993239084681,100.31256778300076,92.03459570344566,60.30564780052512,14.606936412735315,0.0031294916395566,94.91554690534412,9.40926740062458,119.4932148705312,0,7.362167885131415,7.565281883523188,7.391580562108048,0.04159580668606535,92.63516855495499,0.8493382717966695,0
2024-12-08 16:15:00,Batch_003,37.31470315964215,7.411558196598532,101.61884300827724,87.49441411271667,65.5937016997485,15.355763177143524,0.9421595144794828,95.9786896830685,9.285426168021344,119.17810422672126,0,7.420993239084681,7.362167885131415,7.416275717841607,0.006671582522796123,89.76450490808116,3.210393190622735,0
2024-12-08 16:30:00,Batch_003,37.65168128381775,7.41458031941205,103.03911511482276,94.03715898356316,56.40774913251408,14.939385403076995,1.3332481816524486,99.251250503776,9.47913124616172,112.67301733167284,0,7.411558196598532,7.420993239084681,7.413069258005291,0.002136963535201541,90.76578654813991,4.626419265748971,0
2024-12-08 16:45:00,Batch_003,37.524798772583296,7.34904589970809,101.8299357803064,89.84472330111196,60.14785631983515,14.94653583683365,0.963741734274686,95.3071843403862,8.48945610974566,115.82317015461288,0,7.41458031941205,7.411558196598532,7.38181310956007,0.04633983257380755,91.94094114233755,2.964499700749491,0
2024-12-08 17:00:00,Batch_003,37.33182877942114,7.496378525141947,100.17595637137504,89.52453055045262,56.12844928024804,14.886291708230363,0.0116109427611775,96.82724446447747,8.88281700733728,104.12679846654471,0,7.34904589970809,7.41458031941205,7.422712212425019,0.10417989853430162,89.68462692578228,0.2264104652773994,0
2024-12-08 17:15:00,Batch_003,38.34827255077249,7.435085182454885,100.81998763586697,87.55832798113292,61.52440559019874,14.890566376904149,1.7815160484788586,94.91769493216565,9.790629168473949,127.87449020550416,0,7.496378525141947,7.34904589970809,7.465731853798416,0.04334093825561693,88.54142926579277,1.390315169952461,0
2024-12-08 17:30:00,Batch_003,37.6014086902622,7.353260832092186,101.05478576851532,91.61135096361424,60.38463837561391,15.024205596773344,1.404121568147148,91.2958151772691,8.627597783842887,120.3866693396634,0,7.435085182454885,7.496378525141947,7.394173007273535,0.05785855300765873,89.58483947237357,2.8659200352174325,0
2024-12-08 17:45:00,Batch_003,37.12748468745796,7.464294520887877,102.19825937825576,86.11116005807278,57.19276461987587,15.106580175742607,1.630820989285826,97.6469637743932,8.352217578281817,101.79108018514464,0,7.353260832092186,7.435085182454885,7.408777676490031,0.0785126742875961,88.8612555108435,3.8892222871289555,0
2024-12-08 18:00:00,Batch_003,37.765919133990046,7.335173981140038,100.2181467299877,85.00696700684341,62.5459836895074,15.486479054495916,1.383453538527033,90.6464708054054,9.909312327733332,101.49229391210363,0,7.464294520887877,7.353260832092186,7.399734251013957,0.09130200924617012,85.5590635324581,0.7807823942643137,0
2024-12-08 18:15:00,Batch_003,37.13589712629991,7.413099175018595,100.70027921788142,93.17505821013336,59.067535806551405,15.28000079319815,-0.4780294519660701,94.07083310148845,9.814663863774712,120.87581913983452,0,7.335173981140038,7.464294520887877,7.374136578079316,0.055101433016817365,89.09101260848838,5.775712679196516,0
2024-12-08 18:30:00,Batch_003,37.34672294388839,7.3489199679094845,100.36577479747967,92.09301782506527,62.539825358330845,14.889101946248973,1.8572129923637748,93.81683982690282,8.217278696437328,102.13111579632908,0,7.413099175018595,7.335173981140038,7.381009571464039,0.0453815525580429,92.63403801759932,0.7651180937984775,0
2024-12-08 18:45:00,Batch_003,37.60286665594836,7.172031480401973,102.48123199992251,89.8255234119683,61.04714967184459,14.842519359056787,1.0782133611516085,98.90085269428528,8.551522053414029,103.82925911095028,0,7.3489199679094845,7.413099175018595,7.260475724155729,0.12507904903040512,90.9592706185168,1.6033606758032566,0
2024-12-08 19:00:00,Batch_003,37.59826697595995,7.39224992647474,99.98410343576596,94.4129209439677,60.32764556527913,15.131974407739223,0.9975594623800244,99.70620915999432,8.410109191060412,110.78909547388903,0,7.172031480401973,7.3489199679094845,7.2821407034383565,0.15571795656042614,92.119222177968,3.243779902875033,0
2024-12-08 19:15:00,Batch_003,37.63268300632687,7.415058170261519,99.75403889318068,86.9533562963194,56.54548777968426,15.005028990907476,1.8335956888511893,91.40745575451857,9.14211303974508,111.44695325415314,0,7.39224992647474,7.172031480401973,7.4036540483681295,0.016127863848615157,90.68313862014355,5.274708747051494,0
2024-12-08 19:30:00,Batch_003,36.74284240350744,7.504025977974115,102.09368644494543,88.01308033520006,60.604298215233456,14.876482207829204,1.1711288266490327,93.38963802638872,9.42175497345326,105.51372484330044,0,7.415058170261519,7.39224992647474,7.459542074117817,0.06290974014087905,87.48321831575973,0.7493380540791982,0
2024-12-08 19:45:00,Batch_003,37.7043853033181,7.447717043652998,99.6790920873092,94.52608665669314,58.93638835512744,14.867693501790662,-0.441014355800029,95.75149935687216,8.69523130093516,125.22032496449994,0,7.504025977974115,7.415058170261519,7.4758715108135565,0.039816429299849965,91.26958349594659,4.605390935838519,0
2024-12-08 20:00:00,Batch_003,37.37867621283676,7.406575945380672,102.76927107244552,85.95929396307216,59.24686116271192,15.709033150710004,2.3236164333830955,99.6079850163117,8.180998356339053,120.97735572842984,0,7.447717043652998,7.504025977974115,7.427146494516835,0.029091149573835517,90.24269030988265,6.05763720667873,0
2024-12-08 20:15:00,Batch_003,37.57800036023431,7.386374215360897,100.29293106619164,89.34941552878077,60.41421785188175,15.40910210200022,0.4148713966883354,99.77155683785746,9.34786055778344,121.65037479519594,0,7.406575945380672,7.447717043652998,7.396475080370784,0.014284780288723103,87.65435474592647,2.3971779481594027,0
2024-12-08 20:30:00,Batch_003,37.357143030887805,7.418502378876172,101.54759754414218,88.21271284422527,63.55531984380936,14.811073292562458,0.2798473021292816,92.56824053276324,7.695655889387378,113.9245478700232,0,7.386374215360897,7.406575945380672,7.402438297118534,0.022718042288745386,88.78106418650302,0.8037701764421463,0
2024-12-08 20:45:00,Batch_003,36.966810090714176,7.296492965535618,102.51121343070515,94.66936946536995,58.54509282623396,15.10764108567589,-0.5695088413056701,94.86288447041797,8.092751992069227,103.73158310982728,0,7.418502378876172,7.386374215360897,7.357497672205895,0.08627368354170774,91.4410411547976,4.565545680604336,0
2024-12-08 21:00:00,Batch_003,37.83850350732469,7.520023159405615,102.12555452662905,86.50120205353011,61.13172183019279,14.676168910711676,2.339225284161816,90.13824371014822,7.598827736314728,120.49106847472048,0,7.296492965535618,7.418502378876172,7.408258062470617,0.15805971588542153,90.58528575945003,5.775766566778869,0
2024-12-08 21:15:00,Batch_003,37.55313918306489,7.328854938798464,102.3645176236794,85.62673728415706,59.641410852910894,15.0305942752666,1.6538021383934394,93.8854054427259,8.786215119436465,117.7761832579201,0,7.520023159405615,7.296492965535618,7.424439049102039,0.135176345138686,86.06396966884358,0.6183399683329214,0
2024-12-08 21:30:00,Batch_003,37.97451123093602,7.322596664100248,102.3239095624809,85.1707967916599,60.43939729473546,14.388434951414142,-0.9690992309505988,98.3536320431063,8.167462837754057,113.75028312493464,0,7.328854938798464,7.520023159405615,7.325725801449355,0.004425268477897059,85.39876703790847,0.32239861406355164,0
2024-12-08 21:45:00,Batch_003,37.62601743834805,7.615611074025214,102.48480728863844,90.88445346734504,62.48372970422284,14.79046940014003,0.7704884443906178,92.43886616640162,7.697552815714976,129.32697228368858,0,7.322596664100248,7.328854938798464,7.469103869062731,0.20719247624332007,88.02762512950247,4.040165380748746,0
2024-12-08 22:00:00,Batch_003,36.94984609748419,7.342449844913979,101.82951655804146,88.1716880422845,59.84308864923498,15.334892407843476,-0.1712055127909006,92.8535048678412,8.276994897336944,118.78807575603558,0,7.615611074025214,7.322596664100248,7.479030459469596,0.19315415746180775,89.52807075481476,1.9182148278285647,0
2024-12-08 22:15:00,Batch_003,38.08505118062551,7.278853737183627,101.82776027298384,93.97116023228187,58.59321950819091,15.523953888750732,3.319050225356759,94.36138516987688,8.870006098330787,113.69929394459083,0,7.342449844913979,7.615611074025214,7.310651791048803,0.04496923903322799,91.07142413728319,4.100846112849817,0
2024-12-08 22:30:00,Batch_003,37.3220692795598,7.250177935062703,101.2710007958928,91.26622684517152,62.69510573623781,15.386496638109849,0.3320651485371555,90.00393724909986,8.281052257976198,125.23982601656226,0,7.278853737183627,7.342449844913979,7.264515836123165,0.02027685413573594,92.61869353872669,1.9126767406832565,0
2024-12-08 22:45:00,Batch_003,37.33350027601916,7.327805217621371,100.07415861880328,90.83716419024314,61.58337233555852,14.466362949827502,2.4069918860371926,91.9563650698558,8.837096724013133,126.3889415745776,0,7.250177935062703,7.278853737183627,7.2889915763420365,0.0548907779023422,91.05169551770733,0.30339311285219667,0
2024-12-08 23:00:00,Batch_003,38.25320507330765,7.396288540614932,100.57172961340304,90.18725336917488,60.16739297967739,15.257243460000131,1.3387662080384213,92.25531698351053,9.851481119217231,125.9860932946058,0,7.327805217621371,7.250177935062703,7.362046879118152,0.04842502208695773,90.51220877970901,0.4595563487430213,0
2024-12-08 23:15:00,Batch_003,37.28486076863605,7.315292286749278,101.94165665904131,92.81776371135544,58.6661380189955,15.134655967295965,0.4807590851352302,94.59047259475372,9.91728302845596,106.74685299897658,0,7.396288540614932,7.327805217621371,7.355790413682104,0.05727300035913019,91.50250854026515,1.8600517009369235,0
2024-12-08 23:30:00,Batch_003,37.25126703700469,7.376843718669266,100.50371030607889,86.84731394955357,60.49694944658293,15.15586452247292,1.0255827241520803,98.0406712701838,9.788577432120206,128.20810820433528,0,7.315292286749278,7.396288540614932,7.346068002709272,0.043523434902391946,89.8325388304545,4.221745513303645,0
2024-12-08 23:45:00,Batch_003,37.23595434332493,7.389854802501263,102.0300275380156,92.8607853277887,59.03924509351332,14.26068800062598,2.008607553616137,93.55586020892444,8.720490272848764,125.81568304908478,0,7.376843718669266,7.315292286749278,7.383349260585264,0.009200225608304241,89.85404963867114,4.2521663900212125,0
2024-12-09 00:00:00,Batch_003,37.94689011853464,7.503743786667621,100.4353127948238,93.55133676466016,62.05835573854315,14.251520259017184,0.4749176987105294,94.15605854044968,8.931119658976282,123.21959110128292,0,7.389854802501263,7.376843718669266,7.446799294584443,0.08053167300648949,93.20606104622443,0.48829360376826764,0
2024-12-09 00:15:00,Batch_003,37.55024029750312,7.568844659926863,102.3939887883481,92.79861780221329,57.70220860695505,15.035815690678058,2.0590434947921263,94.10089232997151,8.753993722574533,105.67709141938316,0,7.503743786667621,7.389854802501263,7.536294223297242,0.046033268942789286,93.17497728343673,0.532252682672374,0
2024-12-09 00:30:00,Batch_003,37.44982439586567,7.458417306075362,100.8130650114811,93.616601326979,62.042013271124645,15.346632910412035,-0.5236818719030918,93.38236396518651,8.83649971992454,125.43876006255854,0,7.568844659926863,7.503743786667621,7.5136309830011125,0.07808393073689136,93.20760956459614,0.5784016972593099,0
2024-12-09 00:45:00,Batch_003,37.11161446996146,7.423800848104562,103.3834388253508,94.7679376618738,60.77390764889278,14.815456074735357,1.3574480321336169,92.9635306262977,7.817868706214275,113.28900763799776,0,7.458417306075362,7.568844659926863,7.441109077089962,0.024477532171851068,94.1922694944264,0.8141177298294546,0
2024-12-09 01:00:00,Batch_003,37.32975783614473,7.347602789104653,101.34553806632822,92.14611503108723,60.98450487784963,15.495584957333827,-0.4760935271035265,98.58707132514972,9.787982060722555,112.1453609555594,0,7.423800848104562,7.458417306075362,7.385701818604607,0.053880164232109395,93.45702634648052,1.853908561297085,0
2024-12-09 01:15:00,Batch_003,37.957045691822174,7.372193441259989,101.8827867057754,86.26176960746734,60.38533766222093,15.465228574325751,-0.2505287064225476,99.72222419489631,9.57258448911901,111.68413899131292,0,7.347602789104653,7.423800848104562,7.359898115182321,0.017388216892908842,89.20394231927729,4.160860551885568,0
2024-12-09 01:30:00,Batch_003,37.48430873852461,7.60437327312802,101.5056776703526,89.1915467478766,60.13907804583668,15.005563927936771,0.4718502698605772,97.73012980499723,8.480728814287394,104.36328005794238,0,7.372193441259989,7.347602789104653,7.488283357194004,0.16417593356864182,87.72665817767196,2.071665283348633,0
2024-12-09 01:45:00,Batch_003,37.600790308873016,7.498341774306251,102.04948023967964,87.30064027068279,59.58827401655483,15.991824788647143,0.0674604624148689,92.87689454011382,7.816743478705361,128.7349256251244,0,7.60437327312802,7.372193441259989,7.551357523717135,0.07497559183625309,88.24609350927969,1.3370727926131383,0
2024-12-09 02:00:00,Batch_003,37.05477590876056,7.512755825211894,101.03959719181312,87.9714494631313,59.658919128261466,14.838055128011703,2.1075519150831625,98.92584109857992,9.574390395471037,102.67832782743731,0,7.498341774306251,7.60437327312802,7.505548799759072,0.010192273139812129,87.63604486690704,0.47433372886225167,0
2024-12-09 02:15:00,Batch_003,37.22925112106875,7.296043670517044,101.55564366147496,94.98023490307452,60.55931203190079,15.429980938746755,2.532417846959153,91.03787659572583,7.765603725415048,105.49081482916225,0,7.512755825211894,7.498341774306251,7.404399747864469,0.1532386341502832,91.47584218310291,4.955959712465267,0
2024-12-09 02:30:00,Batch_003,38.10729796383736,7.493794794553096,102.0915521070861,94.62891791487634,63.142631765952096,15.58489378437491,0.8873592579505918,96.8864521733949,9.274096416292847,111.45831045046027,0,7.296043670517044,7.512755825211894,7.39491923253507,0.13983116079316152,94.80457640897544,0.24841862469671602,0
2024-12-09 02:45:00,Batch_003,37.60271115531019,7.53651229633638,103.47914358806352,94.96367771345302,57.83446108524434,15.500178729250168,1.7962286544595647,95.72681441555642,9.63132644864468,125.48304105473788,0,7.493794794553096,7.296043670517044,7.515153545444738,0.03020583518632497,94.79629781416469,0.23671092363776022,0
2024-12-09 03:00:00,Batch_003,37.79289024461515,7.483807390820342,100.53695357396052,89.76281109667592,60.82905046229195,15.34088179126748,2.0936629004979803,96.68959645584592,8.800619441989745,116.7535989872732,0,7.53651229633638,7.493794794553096,7.510159843578361,0.037267996092200065,92.36324440506448,3.677568052769626,0
2024-12-09 03:15:00,Batch_003,37.99180408867962,7.089394516639425,100.3738811141027,90.90322822884764,57.22426081837028,14.518746810873925,0.8591573642232816,98.84663236296156,7.801328908342086,106.25812024478788,0,7.483807390820342,7.53651229633638,7.2866009537298835,0.2788920179206065,90.33301966276179,0.8063966875393381,0
2024-12-09 03:30:00,Batch_003,37.45006756097224,7.465427535929504,101.44465130284492,88.29737045761438,59.58531416598992,14.87390995605176,-0.0627006925314188,93.832863607037,9.349634962856443,121.29316624695689,0,7.089394516639425,7.483807390820342,7.277411026284465,0.26589549789007105,89.600299343231,1.8426197008464897,0
2024-12-09 03:45:00,Batch_003,38.40461047319653,7.30307964373988,99.79681981672834,86.80101244232308,57.81174376548704,14.624423440767778,0.1225126906157316,96.55783107435536,9.464113585223767,126.85420885494176,0,7.465427535929504,7.089394516639425,7.384253589834692,0.11479729547863406,87.54919144996873,1.0580848996951904,0
2024-12-09 04:00:00,Batch_003,37.73017997244299,7.44952364217653,104.9810909441889,86.73314338878534,57.39013827682154,14.48286981568729,0.9649464509681124,92.384703435787,8.261980650074676,100.37483846695632,1,7.30307964373988,7.465427535929504,7.376301642958206,0.103551544358636,86.76707791555421,0.047990667988326484,1
2024-12-09 04:15:00,Batch_003,38.22844975085391,7.391654447350052,101.97146780447892,89.54988094825401,59.30644812710739,15.513922924656168,-0.9702198216781296,92.94200069875656,8.373045903701827,108.10301218705136,0,7.44952364217653,7.30307964373988,7.420589044763291,0.040919700083629745,88.14151216851968,1.9917342291230422,0
2024-12-09 04:30:00,Batch_003,38.35683044387272,7.419315875072167,101.28733226680303,86.321527573786,62.00476400532296,14.907158940515638,0.8598348460988903,92.9554800521964,9.557629207727834,128.34496374827887,0,7.391654447350052,7.44952364217653,7.405485161211109,0.01955958311965526,87.93570426102,2.2827905631527305,0
2024-12-09 04:45:00,Batch_003,37.558486314567865,7.373055908692334,100.18326574655651,93.11526003561544,59.68171729609895,14.008883578358969,0.4148839468516138,94.7057344774101,8.925878684427182,109.85542856559576,0,7.419315875072167,7.391654447350052,7.396185891882251,0.03271073592466965,89.71839380470072,4.803894293326688,0
2024-12-09 05:00:00,Batch_003,36.84476871397411,7.26363024603895,102.3337659422882,85.51164912862767,60.093695668835096,14.63737830362872,2.015015398618493,99.73909789021576,9.00242170988758,120.79471766464488,0,7.373055908692334,7.419315875072167,7.3183430773656415,0.0773756280980518,89.31345458212155,5.376564833834975,0
2024-12-09 05:15:00,Batch_003,37.616242662938,7.2253915894681215,101.69039682530575,91.88230509008274,61.63493068618935,15.58153819421702,3.20353987032928,92.22871622372216,7.501338437898633,120.56657538254328,0,7.26363024603895,7.373055908692334,7.244510917753535,0.027038813364735247,88.6969771093552,4.504734030951317,0
2024-12-09 05:30:00,Batch_003,37.59878912970597,7.433609367601237,102.1238845929918,88.98332073009657,60.30784423603423,15.625383856556155,-0.0152230667174442,95.09020333867724,7.905238386785125,115.51557276557486,0,7.2253915894681215,7.26363024603895,7.32950047853468,0.1472322028815287,90.43281291008965,2.04989149949972,0
2024-12-09 05:45:00,Batch_003,38.24782750031479,7.132731974112108,102.45540592011784,91.31644579072308,57.92641729689197,14.577279386809572,0.529934447696248,92.65752449981846,9.102165913430122,127.84778081505644,0,7.433609367601237,7.2253915894681215,7.283170670856673,0.21275244524190146,90.14988326040982,1.6497685517249965,0
2024-12-09 06:00:00,Batch_003,36.53030390579891,7.447049634739153,101.38245982917636,85.20605882547298,59.75163363889222,15.569892981344502,0.198656865481679,97.3848590713685,9.24727751810132,101.23535008591152,0,7.132731974112108,7.433609367601237,7.28989080442563,0.2222561492760796,88.26125230809802,4.32069605880217,0
2024-12-09 06:15:00,Batch_003,36.77149514600667,7.294803362145362,101.90664728835053,88.57755308344633,57.147078492158975,14.931281002463528,-0.2381683941084258,98.81660440393352,9.103120852698463,123.81838697613632,0,7.447049634739153,7.132731974112108,7.370926498442257,0.1076543717614528,86.89180595445966,2.3840064525444093,0
2024-12-09 06:30:00,Batch_003,37.495515224632186,7.445732702431689,101.89700028515549,91.40736604878168,59.212597853258,14.584027681798991,0.251028946623883,99.5581917738754,9.862772085926716,108.23093578651356,0,7.294803362145362,7.447049634739153,7.370268032288525,0.10672315999648224,89.99245956611401,2.00097993727804,0
2024-12-09 06:45:00,Batch_003,37.81559360544025,7.231626626455663,100.9641870755604,85.04408879924678,59.3875872805054,14.213295297178348,0.2646813726672694,96.72641907496312,8.135822447878825,108.48046728381875,0,7.445732702431689,7.294803362145362,7.338679664443676,0.151395858215897,88.22572742401422,4.499516493716163,0
2024-12-09 07:00:00,Batch_003,37.74837780650685,7.494061586807591,99.6259644148469,91.80655454198654,58.66145585752204,14.784807962366944,-0.7860222945494215,97.68061355460624,9.761404934922515,126.74261978513924,0,7.231626626455663,7.445732702431689,7.362844106631627,0.1855695400852762,88.42532167061665,4.7817853842329585,0
2024-12-09 07:15:00,Batch_003,38.03741947949596,7.440067775180696,101.1879488269499,86.30652592918318,58.138184097985,15.013037945523816,1.322823943072676,93.37762808015984,8.954930801553141,100.67818385319192,0,7.494061586807591,7.231626626455663,7.467064680994143,0.03817939034350075,89.05654023558486,3.8891075288332235,0
2024-12-09 07:30:00,Batch_003,37.9187735618021,7.559942769656116,102.04776092704094,90.02881481441541,55.888975046262935,14.47076945849253,0.2831072573355911,99.47660465745076,7.983689566578147,114.256548687759,0,7.440067775180696,7.494061586807591,7.500005272418406,0.08476442148827458,88.16767037179929,2.6320557122829595,0
2024-12-09 07:45:00,Batch_003,37.68120858024649,7.515833869332277,101.378554060279,90.56107601090667,59.24488184837725,14.434512241308454,0.7200127325359043,93.04687230331945,7.809654048925044,122.07144144296302,0,7.559942769656116,7.440067775180696,7.537888319494197,0.031189702529677222,90.29494541266104,0.3763655014004145,0
2024-12-09 08:00:00,Batch_003,38.39924225442818,7.357285836951694,101.11642289477864,86.18274563232399,58.981271128377735,15.037926351141332,0.8160308879941719,90.7936193515284,8.184243373158496,129.07143880358922,0,7.515833869332277,7.559942769656116,7.436559853141985,0.11211038884010159,88.37191082161533,3.0959471009708257,0
2024-12-09 08:15:00,Batch_003,37.52979216405463,7.348741546349803,102.7009478471706,85.6398283397074,57.84848251903915,13.891027673683569,1.1081472321422592,93.57007146795851,7.795571388171286,102.8050385438045,0,7.357285836951694,7.515833869332277,7.353013691650748,0.0060417258252267085,85.9112869860157,0.38390049923288966,0
2024-12-09 08:30:00,Batch_003,36.71126317370093,7.399175923581949,101.50903266690084,90.21419293760958,63.94716491637661,15.745304682666774,1.9494426101483024,99.42598327955083,9.618154583873098,119.39799931302564,0,7.348741546349803,7.357285836951694,7.373958734965877,0.03566249014580135,87.92701063865849,3.2345642267962686,0
2024-12-09 08:45:00,Batch_003,37.98305602471055,7.348502556025431,101.04596821442097,92.29655064158008,58.50141628611326,14.715161384850116,1.7421821882459074,91.3873397978658,9.590020398637003,117.57845104693467,0,7.399175923581949,7.348741546349803,7.37383923980369,0.035831481824803134,91.25537178959483,1.4724492533332958,0
