Batch ID,Temperature (Â°C),pH,Pressure (kPa),Quality Metric (%),Dissolved Oxygen (%),Conductivity (mS/cm),UV Absorbance,RNA Folding Efficiency (%),Nanopore RNA Integrity (Score),Enzyme Concentration (U/mL),True_Label
0.00010928914766638154,-0.0010989758684778973,0.0004511262586449074,0.0014614770982720419,0.012638643579772827,7.379516443810558e-05,1.4927365677972069e-05,0.0025180442486605883,0.0031232710971552816,0.004164028170924698,-0.0015024154574107065,0
-0.0024256518516365894,-0.001513942910589401,0.00041865350447807146,-0.002120628031218037,0.01096577329584498,-0.0012427204185805776,0.00022485090794050494,0.0006388367759939876,0.004163059624883733,0.0012666943221690862,-0.0031130672581998406,0
0.00017598838122799874,0.0021728053669421935,0.0002046146188750261,-0.0012355943937255639,0.005915297971025749,-0.0004414528378544196,0.00016179669292813514,5.558913262686668e-05,0.01218983188037951,-0.0013952973322902144,-0.0016247474513613816,0
0.002269285707053573,-6.11070560227877e-05,0.0002614233218613229,-3.303070999888697e-05,0.013292915196825458,-0.0011166749003207626,7.324301719515138e-07,-0.0010128952788732303,0.0009055545755275238,-0.0003116369171160631,0.0017543705447671202,0
-0.0023045575754588902,-9.512139088263214e-05,0.00060821615861883,4.0700792683499806e-05,0.021218225660572854,-0.00018555439823371715,-0.0004514192919470502,-0.0001829843438325346,-0.0017144538951662115,-0.0023426468659641115,-0.003696657069205243,0
0.00013467898154491083,-0.0005824834176109197,0.00021392387058933996,0.0015736476023136604,0.015027465186213578,-5.4434857129587617e-05,4.097315544061636e-05,0.00033163526972608656,0.001173723160670082,-8.90606173566402e-05,0.0010283282276064218,0
-0.0020445963628949746,-0.00015859027399825408,0.0003347305817305149,-0.0017443700344426407,0.010301098957228126,-2.9436106656163126e-05,-0.00018636758555994098,-0.0006823381261917654,0.006313827729543368,-0.0008903799154001517,0.002362318328074476,0
0.0032215865831685384,0.001225767801583635,0.00045502789913988163,-0.005815284646482939,-0.00014129554185085834,-0.002829145394773036,0.00011136147895031916,-0.0022089511119311824,0.006869037606238147,-0.0010691806859415497,0.0029045171104971667,1
0.0030660287161247183,-0.0002695928589719779,0.00023161323929382969,-0.002683437168570869,0.0043419982988142205,0.0008544614977530731,0.00038713318478115995,-0.0023683622245154563,0.002471883717281256,0.0006370377772607746,-0.0011048637338813647,0
0.00011939047812755046,-0.00038371714961876686,0.000215684238440674,0.0009313495704323582,0.016036617419411626,-0.0004329556926188598,4.0315983571654925e-05,0.00017877286541558235,0.006466077804930887,0.002723905851768933,-0.002436200004997644,0
0.0017861923384554041,0.00039603958611650244,0.00015371597912153896,-0.0030884941740906774,0.0020956629353539933,6.447697016282865e-05,2.6030183652352704e-05,0.0009859095712488315,0.012967554198258876,0.004326157107741534,-0.00016704826066158557,0
0.0012299604389508882,0.000552448716406522,0.00013169815972613228,0.002369476021994887,0.013392794224471104,-4.61180270805569e-06,-9.449998231417864e-05,-0.0006518559993308495,0.006865193371536752,0.002516941411721377,0.0006282569202236236,0
-0.002571342835966612,-7.536348975010929e-05,0.00014941832010586896,-0.0028042914772408896,0.000868345398887736,0.0002466799141726865,-6.465001947857524e-06,0.0011292004153936515,0.003874230006983793,0.002253926485666542,0.0015576901123238308,0
0.0012785695267786433,-0.00028710113329185433,0.00020292823513574365,0.002824671547541415,0.008572160096835622,-0.00015992249635267243,2.9501160285116476e-05,-0.00014067175104992086,0.009393535410054669,0.0028978238580409117,0.0012147069595618565,0
-0.001602886223975867,0.0011996549937283649,0.00011600061352328238,-0.0009817291217015915,0.008233655623203774,0.0008388415621833549,2.293486619453104e-05,-0.0007079616175713145,0.011747486928560784,0.0026850106905279944,-0.0002455211841232846,0
0.001311887886945429,0.00017032936476636473,0.0002498616133441845,0.0010298816312896515,0.012689224211057308,-0.00012875789683175872,6.834819675918485e-05,5.2488993437306115e-05,0.006287519575665411,0.0037025305719063303,0.0007893177576012399,0
0.001483117245179533,1.003211488978011e-05,0.00016254340705452376,0.004987284131822755,0.011104154941842227,0.00010255656347251166,9.065589995140861e-06,2.6522294496127003e-05,0.0019485840926145857,0.003585911507361533,-0.00016074252566526323,0
0.0018922099882428152,-0.0006149354881346599,0.0005239377166706906,-0.002494216313625894,0.011436123549025397,0.0002610060361693514,-0.0001723457144486209,5.0307783828813384e-05,0.00320076780261556,0.004647338352524407,0.0018307121951479863,0
0.00012487202662248633,-0.00026055153487340287,0.0003707169711036476,-0.0016613762305781178,0.013026457082883096,-0.00010714531635875373,0.00012370377133241408,-0.00046405241914051793,0.009817389329902558,0.0008610983077264736,0.0009281920326466991,0
0.0019474721661729792,-0.0007225054377910433,0.00034266688022951156,-0.001561541700156632,0.015557467099740659,0.00046188726022487156,-0.0002895517197089774,-2.2787831869913432e-05,0.002518831372831975,0.002019737245028426,9.776837962428148e-06,0
0.00012837140007381415,-0.00012285907090615436,0.0001520463480941406,-0.000851441720805806,0.005328519167804256,0.0002176296879943727,4.308532098235362e-05,0.00115611234506933,0.007587676536543226,0.004687229222010394,0.0020987572903575814,0
0.002420838699619407,0.0007793936853474471,0.00011665305273763725,-0.009493616058477051,0.008381343017408557,0.000188178318291832,7.471762244506369e-06,0.0005685648565620199,0.002003280664815142,0.006090866583105993,-0.0036404224982551203,0
0.0026483871543530896,-0.00021169462255349306,0.0003039223316347829,0.0028186609811472595,0.0016999502853759637,0.0006783646274247536,-1.8198473377866424e-05,-7.991711320588666e-05,0.0024269769400707963,0.0014414958329797447,-0.00024658513046830685,0
0.00018710356987895174,0.0011331223623086495,0.00023812552601043551,-0.0019903393335515634,0.015262759388387887,0.0005780203524553749,-4.861885906671825e-05,0.000697592982565348,-0.004045559638993287,0.0030457613244115347,-0.0027124891650724074,0
0.00012744350908912796,-0.0007657324454075678,8.311070056085865e-05,0.0005031996020023237,0.013901125076665374,-0.0006317830976285326,-8.496472650751643e-05,-0.0013176259527201298,0.008140331471573782,0.003576313952978944,-0.0010604217361186476,0
-0.0031802634660392866,-0.0002268495980540871,0.000594690087428389,-0.002103196474056503,0.005580766481913736,0.00037291673768570624,-0.0005558963603032514,-0.0008754524033308846,0.0006055551885429212,-0.002598748467893591,-0.005518542465063581,0
0.001400907972107595,0.00032435988874386065,0.00012954482845598222,0.0031126975869734037,0.012567694366871588,-0.000746952950307581,5.2377378508391476e-05,0.0009001507160910745,0.010357687105873772,0.00022309132602005833,-0.0024247849063845535,0
-0.0016587510469589638,0.0012156958508038366,0.00020407004978358173,0.0006469641778501932,0.011195782759957274,0.00012857612491790145,2.0176870777731952e-05,0.0008319936236658182,0.0020669231385038616,0.001547084800089838,0.0007868261278386433,0
0.00015109811231254667,-0.0003861035383668852,0.00016461658851919342,0.001202068236639585,0.006577576388359019,-0.0001202682977125784,6.556814195104535e-05,-0.0003283519937191603,0.0048591728390482685,0.004674955543078728,0.0021825031901216603,0
0.0001249198079590121,-0.00038494632692311195,9.691076644451349e-05,-0.0010280834868353643,0.011350362886602686,0.00012806429968350867,1.658251572595659e-05,-0.0006302587806484789,0.008657403598007629,-0.0004881269629190319,0.00182740538403987,0
0.00012550479934739648,-0.0007862285616884657,0.00033154483949411346,-0.0019841169926675417,0.0187515484677097,0.0002562911236115124,2.4718883473369064e-05,0.0001682836877747373,0.00161394910522084,-0.00038453486655205365,0.0016993641997580626,0
-0.00188097135449009,0.001533463010512033,0.0003732816457295572,-0.0007194925361666585,0.010298765977088923,0.00011736222191607912,-5.157700430504169e-05,-0.0004889764442238538,5.8317820780668824e-05,0.005102974539727587,-0.0018573004287889532,0
0.00017780273531453028,-0.0005716930519500975,-0.000361655668222148,-0.0008728385648967267,0.006718104588891026,0.0003536459189893936,-0.00019179818908090569,-0.00044675259357825216,0.011574602303415348,9.024379217179125e-05,-0.0013259235034494901,0
0.0013490545561128185,0.0004955852344406703,2.0782873404955153e-05,-0.0019561908177015163,0.014335380441142756,6.271115028261779e-05,1.0314087594500152e-05,0.00023394923725683715,0.008377546430059914,0.0017538735081965003,-0.0003491267784919809,0
0.00023755380982233454,-0.0012989056967069917,0.0006167581032867864,0.0053128567955061405,0.0077462016858882545,0.0009734301599023658,0.0003032976678641217,-0.0015309036000893997,-0.005810870262245692,-0.002966138674003113,-0.00016633884866501351,0
0.002112989386228467,0.00018787644023371983,0.00020261036820163356,-0.0020909367151487807,0.010726296681379806,-6.316464599534703e-05,-4.458025730804687e-05,0.0002823271598354988,-0.0019026040568410362,0.004716446527185304,0.0015821249587517072,0
-0.0024489663423641274,-0.0006706650309000673,0.00015915213814367973,0.005151568118088606,-0.0011699417312431713,9.475219280633783e-05,3.718637867739765e-05,0.0012903500004155086,-0.005007402563626037,0.0068517989608196436,0.0006372853464937309,0
0.00013700413109525532,0.00019679119883249418,0.00017725012972968264,-0.002571388361345148,0.005462329430445397,7.653884915987708e-05,-1.9051767050752482e-05,-0.0011374474539225352,0.01377547288688246,0.0009677966124788964,0.0010408525612805308,0
0.00014114384137503406,-0.0005956538259875472,0.0005067558468561929,0.001757356308219704,0.012169015963371752,0.0007855656933757319,-0.00011584469635489521,0.0006968664543221076,0.003148330756307025,-0.00036386890843485164,0.0017517455245261437,0
0.0002868692986845536,-0.001098487962902388,0.0005882071248553739,-0.0033141784641001564,-0.002478755272538012,-0.0011752895018780176,0.00010113869812947244,-0.0005631214005653521,-0.005365803944633993,0.0009787630838400392,0.004412024339761535,0
0.00012331022600387944,-0.0011356746227626203,0.00032327743675193005,0.004621501737023808,0.007155034000271276,7.998441700111827e-05,1.3123704699037244e-05,-0.0010251250020044242,0.005209676230946301,0.003641763474072823,0.0009980421795478742,0
-0.0016419180751993492,0.0003007663204406193,0.00023189847418901425,-0.0020738099170336454,0.012422246611986886,-0.0005114543198537397,-8.335826135303585e-05,-0.00011705771388035271,0.010650509175030147,0.00018547416543558573,0.0011278124092217318,0
0.002045397729485355,0.0019976551474606037,0.0005606990004247203,-0.003516670242617571,0.006564507179053882,0.0006462226019115503,-1.4346795333548147e-05,0.00028051825286286395,0.0016808872769211785,0.004365284640943286,0.0026812575370390238,0
0.00015959125314002259,-0.0004215337159058024,0.00041351201669977334,-0.0003304359707484669,0.01491078597763529,-0.00036506526274191755,-0.0002951830944604681,0.0006950843163585225,0.002677929994599597,0.00354418414862739,-0.003871204874572858,0
-0.001386437627228021,0.0003653822796597703,0.00014718726834574993,-0.0011307188955218767,0.014323216266677333,8.82690131012879e-05,1.4149342492233595e-05,-0.00017144373493948123,0.004463599627595385,0.004426649382896031,0.00030653958772063755,0
-0.0019571408628389314,-0.00022616185018685555,0.0002967517048254091,0.0046082043735604875,0.0053929782195346115,0.0010335962731528093,1.570959015516226e-05,0.0013138327200827617,-0.001523609829310114,0.00323425342938942,0.0029817884615199845,0
0.0016598868850599394,-0.0005798489397166492,0.00014924504292559195,-0.004648951186386924,0.014764690928618384,1.2991489350465004e-05,8.656902701756915e-05,0.0010283616688629622,0.0056428725226690185,0.0018855901204221526,0.0017077818307912399,0
0.00025129194956284795,-0.0010863521717576915,0.00023945705881033133,-0.00037015496280883047,0.004306169674374448,3.7489661622062604e-05,-2.4370382400159368e-05,-0.00011382005507845631,-0.0060408153726424245,0.002051411769029019,0.00015416849485890005,0
-0.0021716163704019386,0.0013742289579776732,0.00021091019547544315,0.0013276934833914246,0.0066432055327296504,-0.0013383937168149277,0.00020622531190159034,0.0007909011576832601,0.003434901167293795,0.0018372333597901187,-0.0005381408576252307,0
0.0029763625137882127,-0.0006239698503999787,0.0005766719830244839,-0.003154594120235201,0.0015433004960897544,0.001380131741659885,-0.00010806400272960571,0.0016651322588139511,-0.003674097900430115,0.005062050072268811,0.0013861190267430417,0
0.000138712630189352,-0.00018631061278448038,0.0005265514623253662,-0.001025019501293667,0.0034865566365921124,0.0003964990219108429,-8.120398315108468e-06,0.0007458983538819236,0.011930758147843348,0.004510772320783571,0.0012738940407302432,0
0.00010120458823388294,0.00028671758407760055,0.0004212880822315081,-0.0026286215463161666,0.014894885771114318,6.606627151699029e-05,1.8542637875021944e-05,0.0015572665266206482,0.004297250081355121,0.003616645681459021,0.0003995575000505375,0
0.0006896215868290574,-0.007329788090192815,-0.008158624590581375,0.031186433392192892,-0.31552768888303173,0.0031232119740679555,-0.0005119265858964947,-0.003697811786643341,-0.17737345905107835,-0.0675715995957348,0.015503703385863155,0
-0.0026586751350177536,0.00017744346678570707,0.00021065295568352727,-0.006269818721023127,0.01986414707779864,-0.0006971290610416495,0.00024635606649326476,-0.002161673184294762,-0.00527175038576942,0.0027667517471966314,-0.0017743561903711376,0
0.00013390050903453835,-0.0009024643647645287,0.0003166492999968453,-0.0002597664295872241,0.007327014690731068,4.6295740090217554e-05,1.0159636662997645e-05,8.053046496069577e-06,0.006805805143488325,0.0033738672164636617,0.0017793204393318565,0
0.0026776120260708727,0.0006933699147727804,0.00026939011471786953,-7.653629606014342e-05,0.0010292966466884312,0.0006534621990688897,5.231616385801613e-05,-0.001328298232433558,0.0059874949105120515,0.0048598706961119394,-0.0029815233003547773,0
-0.0013600022348068395,-0.0007400127023995484,-8.829811403845771e-05,0.0022697613737279253,0.011415492730745613,5.88023293914835e-05,9.106206870444314e-06,0.00020754156835906616,0.010503860014774295,-0.0005149816756928824,0.00025285725535354603,0
0.0017899261758883753,0.0016816087741386501,0.0001873476620783102,0.0015269269877923766,0.013773474709342731,-0.00012925529168379506,-3.669067767796581e-05,0.0017265252710777015,-0.00023031480246441134,0.0008119467252755504,0.0009142405439260537,0
-0.001488960758631828,0.00014021975595642338,0.0001313402974768036,-0.0010865471136153027,0.011637733247595204,0.00039670364080105565,-1.6739472811583785e-06,-0.0011663642417223212,0.012486227176522313,-0.001103107828831872,0.00208149073193159,0
0.00011248121177674537,0.000322417839901817,-9.200158639444926e-05,-0.0022761343918591727,0.014031185832789918,0.0006189961877306167,0.0001586193025132618,-0.00034298135613162084,0.010128341505711647,0.0030109579995713197,-0.0012136077296657673,0
-0.001575752364957663,0.00029417024973657805,0.00018274067269688396,0.0024927577712523094,0.014035313835354436,-0.0001239140737249025,2.9336173376784766e-05,0.0013634309395557684,0.0034330359939442083,0.00042534141056684856,-0.0003014457367727097,0
-0.001383050559008161,0.0007224416766961689,0.00034572839122521694,0.0008527140491663459,0.006469636443609061,8.468163638031793e-05,1.6052199246713907e-05,0.0014807207628720856,0.010580597916907089,0.0035612765072531934,-0.0007171491092215904,0
0.0001607648606349536,-0.0007284193855210372,0.00033911631705459106,0.0013323186974326824,0.010904780177616194,-0.0006958999188844147,0.00016952044898484677,-0.00017060524987936532,0.006426657269151594,0.001988300491178163,-0.002470407329323892,0
0.00014582465010036814,0.00017527476935116302,0.00028483670566628946,-0.00028683545383651767,0.017465474031109835,0.00019480159575445885,9.806284996620647e-06,0.0010886177093321152,-0.001249429987549906,2.7418930728156293e-05,0.0014637307356262057,0
-0.00212070218484437,-0.0016592609150553614,0.0003457969940124511,0.0014868626654811457,0.006773702054519286,-0.0006847134830676826,5.1539182514868225e-05,0.0009660322005708713,0.006221046496123877,0.005477438649143541,-0.0036925204704684744,0
-0.001484974719667792,-0.0008796141851743456,0.00021131436217173478,-0.0009735833761801377,0.011526527679567512,-9.932652995600664e-05,6.266527424362982e-07,0.0005955187879198745,0.010561577751411288,0.0011997567028733383,0.000270485812703454,0
0.0001384971451519972,-0.0003510906948739697,0.0004186785043864509,-0.003171367191091965,0.017208122184886546,6.970549088813376e-05,2.358648961593688e-05,0.0015293218316125873,-0.0032573590068661275,0.00453106241513034,-0.0017808426800440535,0
0.00010780498734492695,0.0009006392355084859,0.0002969388112390836,0.0003575723734953234,0.014261592254689929,0.00028273725619154386,0.00016092153954212873,-0.00032445237806153756,0.009787340811379202,0.001352437554761565,-0.00206287121275742,0
0.0017278232605865728,0.0011623367255037833,0.00036192327147748784,-0.00048633357245141617,0.015441410058819285,-0.0007135347514585797,1.1983236291000594e-05,0.0007934930032997026,0.0003792270921907383,0.003507271685367909,-4.3800108232947e-05,0
0.00013247628396402671,0.00013282173502746685,0.0002288183595184761,0.0015850851389516078,0.015293198169089216,-0.000236619115116129,0.0003037481612964963,0.00013134500796123489,0.002787789896101606,0.00024146016644263014,0.0005864520609864948,0
0.0014864908750025748,0.0003722547434455206,0.0001243424940154803,0.0012865882489368123,0.005752527115684148,8.455076521901482e-06,1.7595311839426023e-05,0.0005198199887166346,0.010997634588009514,0.002072532058701304,0.0007475083369826233,0
0.00018652821468461052,-0.00027702689287969226,8.439982770925804e-05,-0.0030557836468536313,0.013042850955496713,-4.2798191383148694e-05,7.065352376936187e-05,-0.0017677994925328717,-0.002235781624700508,-0.002704531804837924,-0.0014430272352365927,0
0.0001727006264545636,0.001052828347434681,2.3076321921247574e-05,0.001777414431119685,0.004131074927991721,7.63659420722925e-05,1.8759949586768627e-05,0.002344599732245816,0.0009798885357722095,0.0015643951844293445,-0.0008108117995085755,0
-0.0017297709378078774,0.00012158405026912368,0.00035145264444751275,0.0011918129703379506,0.018489829673281073,-0.0007210537521260312,-9.592428600899437e-05,-0.000934426009199555,0.002850909237370842,0.0020224804394714468,-0.0016268572626446376,0
0.00011512107655122448,0.00021656302550764937,0.00016698052091875697,0.001116112041418305,0.010987287191449495,5.5889447345190675e-05,1.2412683062647732e-05,-0.0018233675919976326,0.009069804920952478,0.0004723611854858175,0.0013655032328834388,0
-0.0023579555271738013,0.0013422443328021708,0.00018143169816586674,-0.001083458846869123,0.008406199738188716,0.00012850030698749758,-0.0001242838443082575,-0.0009340390236587808,0.0012754443831173,0.00019880035197696044,0.0011644692916071226,0
-0.0019674176002173137,0.0003535049605260764,0.00015930409500164853,0.002999618296247588,0.01424642833853148,-0.0006661112917590406,0.0001980048744343883,0.001405169791971808,-8.511350164569692e-05,0.002123280457809402,-0.002830308087072724,0
0.00025449198696310133,-0.0017624273082764237,0.00045556009859540244,0.002489297546212783,0.002863387438850583,-0.0011950691828687024,-0.00021901102442024333,9.086867547973818e-05,-0.006226687552220192,0.004532197923827374,-0.0010241175882315765,0
0.0026288454820633978,0.0011213214363560238,0.00044290437647722145,-0.0004255383782031069,0.011431164139178997,-0.0011335118535160224,7.861830206060901e-05,-0.0016862862361912616,-0.002365813245547165,0.0009770075503291158,0.00024030176832713114,0
0.0013852666740733542,-0.00012302528787850933,0.0001356023133435363,0.0007281504849823972,0.012104848021451018,4.736684653682625e-05,-2.630261197674329e-06,0.0003351522658371272,0.008171383106296884,0.001933692822903186,-0.0003486080676206281,0
-0.0019840673049546145,-0.0013806695102100298,0.0002738992061100218,0.0019546326514887995,0.012762285831913432,-3.8141847385082804e-05,-7.969930963371896e-05,0.0005524770594275794,0.0004764146265644754,0.005396098119934019,-0.002341682059452902,0
-0.0017505703025785342,-8.79006758887526e-06,0.00018891318626262175,-0.0008962399831314464,0.011317531948396244,7.467756187829156e-06,2.2718916218179144e-05,0.0002573744050630389,0.00627717442415706,0.001107510431863411,0.0019108234443565054,0
0.0008600025733993917,-0.002843055874084055,-0.006048241073353076,-0.0032775996273905414,-0.11262002305147485,-0.0001903616980709661,0.0008192338556935486,-0.0010175099100557417,-0.10964040501454023,-0.04161598274405654,-0.02181712878101133,0
0.00015096968409489587,-0.0006944786421279345,0.0004031228438828118,-0.002937954862783315,0.019684020708891213,-0.0008090688275093868,-3.0229090508667995e-05,-0.00025825844579709247,0.001879564053050503,0.004990411789393512,-0.0033141043514598525,0
0.00011574026185643057,-0.0010553695644975657,0.00023678638770488836,-0.0072710287457494385,0.015704459786596403,7.801997046394794e-05,1.2566079180362531e-05,0.0017505822734294263,0.011141287708355091,-0.00047414249548601397,0.0012211403125990845,1
-0.0010958550904892673,-9.42376855859544e-05,0.00021122045908088938,0.0020020927686076623,0.01322890351706663,1.3917202846489459e-05,-4.540542162784341e-06,0.00023976904011398177,0.00960320381093505,0.0009612377034231566,0.0013578479796426401,0
0.00019828800102534723,0.0011456437293735989,0.00017374943056680466,-0.001845837565462371,0.01768287531790548,-0.0009461370447253285,-0.00010012975369027081,-8.3474672907395e-05,-0.0035162767394188764,-0.0003371491558649528,-0.002103175698600643,0
-0.0015998608381783922,-0.0006099487306017457,0.00021117224281931536,0.0016418362783703667,0.009243621103750755,-1.112627527571839e-05,-3.0850495489361906e-05,0.001116675143295457,0.0056044195237017974,0.0030905875852646554,0.0019036651146214154,0
0.0017950575612639792,0.0007497755788442139,0.00014642684112745966,0.0009558157884091433,0.012276878711556078,8.080566269508478e-05,1.2256006433966108e-05,0.0004395685288913319,-0.0014078349366376337,0.0036913300355014456,0.001222455101030629,0
0.00010472853960170775,0.0004992446660100707,0.00027636612154930475,0.0016293526325042713,0.010961520293772817,-9.643657031133506e-05,-0.00013191841583670426,0.00027511592864374056,0.009932479986795086,0.0009948640915521112,0.0007879967376776473,0
0.0020759075158600588,0.0016960147942083957,0.00012419239154115065,-0.002188779668046027,0.010020914521115254,9.132694941943127e-05,0.00023252259394679591,0.0004984000151787523,0.006046087960458,-0.0014056326624596412,0.0012457611662883075,0
-0.00201944741565549,0.0004054548727491666,0.00029908782527187587,-0.00044364717392492365,0.006579457943171427,-0.002465288113591209,-0.00012682386330332995,0.0002284311588711395,0.008262003123852118,0.00364472716096743,0.00019863696263620542,0
0.002405066676054627,-0.0019209195568721986,0.00019269695086593342,-0.002310215776495772,0.011610781534914218,0.0010574075143647338,2.144340384893442e-05,-5.75450778301815e-05,0.002298898706669239,-0.0014579377448126242,0.002295848570521829,0
0.0014517646376402532,0.0006118342357521377,0.0002204514469375244,0.0015028216365870289,0.0064483133806521155,-8.692222111618188e-05,2.877602580492835e-06,0.0006871253775292063,0.008343942618462118,0.0034622274522517725,0.001759538817277466,0
0.0018521899893269185,0.0006065375779839033,0.00036873839770425323,-0.0009143650020218086,0.007557911319316466,7.616316960674568e-05,5.417107197045937e-06,-0.0006799361921723716,0.009350558962598619,0.0037265807188662414,-0.0027583068541047646,0
0.0001470775318000692,0.000569107420377639,8.990753996879803e-05,-0.0010855851202891884,0.005614191949095723,7.009304803243565e-05,1.695293816141101e-05,0.0023519171197665103,0.003850042449083247,0.0029376227418208495,0.0014355910351019179,0
9.599767734890003e-05,0.0006342593535077449,0.00028818703743859093,0.0012802453729756577,0.013395915950578183,0.00010858844754446961,0.0002492987786388065,-0.000711155961159946,0.008948269136784611,0.001610430138364791,0.00020738019556800977,0
-0.0018326177923978228,0.001645770119223117,0.00039975390176646313,-0.0018734821262657755,0.007398720810611858,9.43841374666353e-05,1.2863946387135988e-05,0.0006829330667837924,0.0025042562997575155,0.003974083086330259,0.0005836560658050612,0
9.904556671547859e-05,-0.0002940562025916583,0.00023962957639903076,0.001293892754737346,0.015171262491570452,-0.0003303190866182527,-8.836230787898662e-06,-2.7303704378022295e-05,0.007516832887977163,0.0015977514777569897,0.0005264594221265767,0
0.002360370821022635,0.0021654280684520683,0.00017222126302550225,0.004406108129312592,0.005080680227898834,1.7264841233025462e-05,4.0318850136850905e-06,0.0007851473324095968,-0.002414497096883055,-0.0008714174762804481,0.003078030090088023,0
0.00010541502349365612,-0.00018764563569582623,0.0001830336490485752,0.0009463721493068672,0.01458762348158216,6.492761563089167e-05,5.020604702113689e-05,-0.0011278401417921286,0.008200424306268689,0.0025158495115739877,-0.0016908931733733354,0
-0.002340324108660409,-0.0004780220032582147,0.0002444894403798411,-0.005044190813415147,0.0038144922747443914,-0.0003562589051325174,-0.00011138671235430177,-0.0020748715623853924,0.006334883299703054,0.000874330873195736,-0.0011310193869166704,0
-0.0027262952958522096,0.001135430020661307,0.00011028851590102905,-0.0012297949779957152,0.0015438337953173847,0.0012471030132644623,0.00022243224526992592,-0.0008946895843715903,-0.0006167833716938305,0.007063058899264763,-0.0029063134410746297,0
0.0019513624442887062,0.0006853029263579887,0.0003235736181902942,0.0024343179496790473,0.0017932108128254653,6.765271894277427e-05,2.0127853325580694e-05,-3.767537120145134e-05,0.013695742460539756,-0.0007041059157788634,0.0008020346859930333,0
0.0013991104116077137,-0.00034137027882177466,0.00012184946328946811,0.0002851556581090195,0.011560888893762467,0.00041858650725192415,4.974004203408752e-05,0.0015115163451759346,0.004181548453546525,0.003910512665890955,0.0015440805414270974,0
-0.001967796758020896,0.000924776642832839,0.00034797673650328566,-0.002400814697012898,0.00245694740743408,-0.0001622412665036221,2.829321488451371e-05,0.001512396832757713,0.01173513703833058,0.0005451674834348722,-0.002527949368531358,0
0.00013740441574866053,0.0004998578671319828,0.00034444948506853746,0.0005749028581824476,0.012806271026223582,8.000759664016512e-05,1.4213494836817619e-05,-0.0014989796519767314,0.0027688797747387893,0.004078368812118576,-0.0017289701788695856,0
0.0020663782170404423,0.0005580807073379378,0.00012802053201390996,0.004285193715610587,0.005469289166486104,9.519692360650344e-05,-2.9512701889325463e-06,-0.0009807246126051579,0.003316467936600233,-0.0005757771099752716,0.002490090867281143,0
-0.0022956348584899223,-0.0013985018436075511,0.0003374462866694669,0.0011982024359465857,0.0025060128193718136,-0.00010497184179391208,2.4256787093663933e-05,0.0011904933338158165,0.0022039736727672214,0.0028171304780521124,-0.0032398628310782458,0
0.00028467767808665383,0.0007657353665046746,0.0007124952773403971,-0.004861947684028331,-0.0015978415972656575,7.558368283552095e-05,-5.728009483185099e-06,0.0025339251913429808,-0.005199495588140851,-0.0036542685488940648,0.0048361221142050135,0
-0.002092775644625837,-0.0003248549201143809,0.0004904729758224217,0.00014013790759410385,0.014063061663316346,0.0003483931808096066,0.00020254699592169695,3.336401504884372e-05,0.001953774650219471,-0.001267836342680744,-0.0002519000271531003,0
0.0018679441295854052,-0.0006173350064775314,0.0003805474757919114,-0.002136633834390495,0.009805204488602563,1.761038233652693e-05,3.416959922324972e-07,0.0008459381829482532,0.006035019335792175,-0.0006577181089801019,0.0015340095171261902,0
-0.0016291895259971066,-0.000798015564683309,0.00021696495604377037,-0.0010132949291579074,0.003965755323510451,6.562450554742848e-05,-4.8456834896021924e-05,-0.0009153738843787196,0.013395186281194045,0.00414752398266927,0.002407546657062873,0
0.00010341733877064007,-0.00043538780148282344,0.00023177964836712823,0.002999774328438961,0.00815507731319528,0.00018480851611509666,1.3584016347647315e-05,0.00018917135453275927,0.007453065143186046,0.003221196820527948,0.0012497118363709245,0
-0.003650814937536762,-0.0010926625057187808,0.0007207082385728645,-0.0026980915604848882,0.0017611200105421498,-0.000820380271936919,0.00021798519207017706,0.0024996823761516515,-0.009767485386862323,-0.004419554337060404,-0.0008443455348124719,0
-0.0021136213105419667,-0.00018503820074874052,-2.8801381771990836e-05,-0.0006360350578890886,0.01740203340423264,-0.0006935929487745902,-0.0002125262415687266,0.002267777362248705,0.00014885335665176648,-0.0023253969104585583,-0.00037015640353694514,0
-0.0026735926519197216,-0.00025058810454720547,0.0007851016772390995,-0.0031347092593505058,0.017387784266563712,-0.0014216721883653302,0.00010622370928419978,6.154991581338619e-05,-0.00018933019289688445,-0.002493535595253849,-0.005130435280062283,0
0.00011989119367003279,-0.0006961236486913547,0.00016421752174089452,-0.0004849866284384693,0.011198270824199396,3.493214257868733e-05,2.29820149217043e-05,0.0005926851677205075,0.011866371960705004,-0.0009952797605987966,-0.0013854960991215894,0
0.002100215760100047,0.0004129674645311267,0.00011105778471062264,0.0021267576035164455,0.007471291222434682,-4.462728595930409e-07,-2.4092912448461605e-05,-0.00045369695195549405,0.0011198620562938195,0.002380015268196117,-0.0018893458771377433,0
0.001290577237375267,0.000579681430320975,0.000287378975175367,0.000989387280444507,0.010428569162662094,0.0003415428987915292,4.915238031816904e-07,0.000718432078228471,0.006277545676690305,0.003269818921776186,0.0014472729934083654,0
0.0001317030824049511,0.001012941541337767,9.790922949923101e-05,-0.001407928339407863,0.007725487397167261,-0.0006880107225175352,-9.405281722639009e-05,-0.000398787870830049,0.012450106070834067,0.004537261326936084,-0.0007910263921286978,0
-0.0015549435912156813,5.858952017883147e-05,0.00038480027279651425,0.0009952973093798104,0.011433644515941279,0.00016413628144146925,4.597480913664748e-05,-0.00033205743681559766,0.008036420391227709,0.0016094401939993636,0.0006525951466146915,0
-0.0019903584678510455,-0.00014977445691825476,0.00020230986320200281,0.0008665249234642429,0.015984346997138604,-0.00011969143407025426,-3.481440302319098e-08,0.0006311404862198163,-0.001589805206137508,0.0014971678400953056,0.00011696860882503407,0
-0.0011778250720468528,-0.0001744412103233824,0.00023446464899498412,-0.0029141648240889446,0.014064258956182426,0.0002704624843160611,1.2992747629644739e-05,0.000546451220263979,0.009743642227130537,0.0030315389441801636,0.00130822226938929,0
0.0026663758035013617,0.0008372025628076253,0.0004573916847398199,0.003285290245058716,0.0025017950403750768,-0.0003079206733531148,9.10950293291872e-05,-3.183331553398604e-05,-0.004834777860477128,0.001693958299598799,-0.002568570203837396,0
-0.003750513251031882,-0.003088946995845026,0.0002161144115597751,0.0015712494697420394,0.00029377570699992147,0.000995778873570072,-2.1672494334938318e-05,0.0001457721626925543,-0.007728436573197661,-0.0011229484073974694,-0.007257802093771078,0
-0.0012214167852046072,0.0002299781881539772,0.00017706910428078273,7.732697831309797e-05,0.012058353962080525,-6.9595395234065e-05,-4.2417797474027655e-05,-0.0007921547255605063,0.009244599746490608,0.0036278091152260367,0.001609558377631281,0
0.001578456013493686,0.00028733927531799497,0.0004266363454349109,-0.000519312243175747,0.007014545015680728,0.00019185931633311704,-1.0246576781459872e-05,0.0011722299709523722,0.007200434590514677,0.0030006425359262864,0.001652707440839056,0
-0.002561447939998658,-0.0008835658057083808,0.0003654080014311926,-0.007922697411967074,-0.0010426586201279602,4.963013117936554e-05,2.6543084078820635e-06,4.1645735945760054e-05,0.008061082665711847,0.0007716061172409994,-0.0005775171165368718,0
0.00208319961566309,-0.0004166804651415271,0.00033101605418919594,0.002614891341996261,0.001443110923254394,-0.0005029477787522469,-8.702416319401262e-05,-0.0002610299804497724,0.01105085784865207,0.004701668878270905,-0.001506888921861911,0
0.00012217298394799557,0.0006629129347284165,0.00018080399092749788,-0.0019731985498622194,0.007150103752254966,-1.5849108986140368e-05,1.988858548853975e-05,-0.00027170660121364086,0.00977581561228888,0.0037821149545054383,0.0016403876943596983,0
0.0014240729015162104,0.00047098915614848157,9.618149319610956e-05,-0.001512974102639887,0.014442341898473444,0.0001895367417287554,0.00011907220100438217,1.789100442753867e-05,0.00854847054111787,0.00123833179997018,0.0005624522683425372,0
0.00014767335839257074,-0.00014499164288543984,0.0003235311472685411,-0.002814955203448414,0.007869629222927303,0.0002429546865846039,5.563101252328639e-05,1.256459761033886e-05,0.010847558740770242,0.004710945579834937,-0.001316914873178334,0
0.00011966958455775517,-0.0009265735622889241,0.00016693876715920004,0.0008692916310323799,0.008936380469081349,0.0002495124886533173,-6.556470990074951e-05,0.000758637364391341,0.008044104666267678,0.003472023536072103,0.0017141813288131524,0
-0.0015749547767021875,0.00017860399703540012,0.00022259084512564768,0.0028746028192317375,0.01675746070531519,0.0008759192298729317,-0.00010365696206514543,-0.0009823721746745114,0.0016721770852179015,0.001670221921873933,0.0003515912558098508,0
-0.002474721207632944,0.00041035139182297304,0.000335505941046971,-0.00027894664237957935,0.00872402484332314,-0.0016714756000720918,8.575905271225325e-05,-0.00045764901510625644,0.0004012446486769,-0.0021786586743690467,0.00276949558024133,0
0.00016829218243616208,-0.00019683798574409057,0.0001373869189485694,0.0012269935328406553,0.0029755690779658846,-0.0008562406453680756,0.0001444569647019982,-0.0007682885282681537,0.015266943995496985,-0.00056204514232636,0.00047157018302319137,0
0.0024642628227367225,-0.0005406188919438086,0.0004274044165105132,0.00232419578574185,0.0029784191760000075,0.0004211443854997992,-5.821480684178518e-05,-0.00222606975557658,0.0008177276649769068,0.0016281114596256425,0.00306621378296993,0
0.00022586430537528633,0.0003562184327315844,6.752374656299918e-05,-0.003584775097069098,0.000901568206763948,0.00016354991830530417,-0.00022951885685673209,0.000973359480502934,0.0035265638361694092,0.0012677638575395826,0.0019683214680357958,0
0.00017900864189916488,-0.001001190433670336,2.1099767789000342e-05,0.00022548213402095007,0.011513853870463229,0.0008552356858169258,-0.00023670934480615277,-0.0001707744056414089,0.00375075065245948,0.002064967702509572,-0.003336565738312855,0
-0.0012152432576647732,2.919251714605851e-05,0.00026379610407895396,-0.0009176360517384548,0.01114256342183699,8.268601633342727e-05,1.6046933012398086e-05,-0.0003363417525598729,0.010376593900065505,0.00386124974335769,0.000707438336589334,0
0.0014215567592062116,0.0007251650611111601,0.0002316384654119894,0.0007349693229953062,0.009851267949048116,4.1633799566001664e-05,1.3581102228440732e-05,0.0007838049394145389,0.007798654056614471,0.0022069971682155674,-0.0002644349890503529,0
0.00119126827985558,0.00011804340009152422,0.00020200864206621375,0.0008333041861774473,0.01304489888380516,0.00027098737336350703,5.570771502996718e-05,0.0003804001946998211,0.008339162928187576,0.001033757861688394,0.0012580033868677953,0
-0.0015278306663431742,-5.358561331091248e-05,0.0004350320674673321,-0.002353612677366299,0.0154930836832044,3.571014856467459e-05,1.609319678316067e-05,0.0015892439010622473,0.0037783478680671035,0.0017879138539320986,-0.00015791817969785724,0
0.0016818401822582259,0.0001314134221037219,0.000387879417767219,-0.0019339937794006622,0.015551430578140346,-0.00025647348853290023,-1.2178270188121076e-05,0.000724039359838182,0.0016440209544271785,0.004445829201399409,-0.00019715253954772846,0
0.0017202907416260958,-0.0022285799046218367,0.00039702754353915286,-0.0021935043980861103,0.013693332905506938,-3.174630618014229e-05,7.114129469156788e-06,-0.00030795186722134155,0.004941129395062491,0.0025297833279179717,0.0002782363198547931,0
-0.0027101815040319476,-0.0008485671749602227,0.0001963994529170826,0.0027868303766971944,0.0063991791096894915,0.0004302252264613739,-0.0001136542872613965,-0.002211858610636124,-0.004969481299488842,-0.002805798036159801,0.004296430647190161,0
0.00017481614044324026,-0.0011574358239281528,0.00019306403796290602,-0.0010837711959312368,0.009411473023240729,-0.0004759356206849258,5.3517878115447675e-05,-0.0002770911834709569,0.01329507888629551,-0.0014933310849160435,-0.002582610061891432,0
0.0014071224728480457,-0.0007960256944265417,0.00010103241557446939,-0.002968227027899162,0.01218909017384031,3.555834436438368e-05,-2.6984411002505468e-05,0.0012505320510271662,0.009050485493837582,0.0027589096648006316,0.001431747382174272,0
0.00011605624956444535,0.0008428115418851063,0.00026047929607072803,0.00024027492076245932,0.012823953129748525,-0.0009549591906550053,7.449372044275014e-05,-0.000746407652915049,0.010670703048167354,0.002148946999438917,-0.001265555731673338,0
-0.0013965082978830206,-0.0007882451273874399,0.00010716141825033966,-0.0008011261493050531,0.015931327334026888,0.0003177896108514991,-6.310608413096478e-05,0.0019724543935387296,0.004236091925599558,0.001990300854794612,0.001687622398679256,0
0.00013246814141808775,0.0008589331100266802,8.2981001293069e-06,-0.00363506214266175,0.01756300048721955,-4.6528432832661205e-05,1.4653925327501368e-06,-0.0017757468709998,-0.002967332676771399,0.005381944556629678,-0.00011484541362650168,0
0.0016384742664504507,-0.001346354109728034,9.080449449339447e-05,-0.0013753457784749469,0.005286049604080018,-8.908057458239204e-08,2.6317876320538835e-05,0.0006392180237986864,0.01051684570744931,0.0045423892481954095,0.0016054656816403695,0
-0.0017822773355433029,0.0004625921995067334,0.000232407738391747,0.0018692421335760486,0.00500991188831056,-0.00015684805487462555,-4.302892724837032e-05,0.00026301808968181705,0.011504967058566507,0.004759680849459757,-0.003097334427398183,0
-0.0036654595076118183,-0.0009280018883424727,0.0004317068371554405,-0.021672687779342757,0.0007327197585532452,-0.0009315976766421035,-0.00019461229853124498,0.0008399304199726511,-0.0030540112780123585,-0.0008690760062673988,-0.00984446776190459,1
0.0015039224443977304,0.0005088322794766823,7.203023941456313e-05,-0.00034890662948882436,0.014621083309379777,0.00034824970785372346,-2.2789109501272126e-05,0.0006297999026512712,0.006659256303972591,0.0010724487166654984,-0.00021652078378342834,0
-0.0017743782983075725,0.00034063210151526874,0.00022351023624871398,0.002435455162747591,0.001946740019719267,-4.020471066138133e-07,5.692586653650793e-05,0.0015216236817803192,0.00910443776285438,0.001368521321670668,0.0027538595400545835,0
-0.0016025909626741547,-0.00022209169906456147,0.0003138849166228769,-0.0023598910549396113,0.018876793200183768,-0.00012297348871708483,1.7007914598135018e-05,-0.0001852832080523707,0.0015633877357183873,0.0020901636516074897,0.0010564939779588028,0
0.0013100519782577981,-0.0007854344833880715,0.00022373540739665726,-0.0014240883640959793,0.013708590679582015,-7.526953142705037e-06,3.937227782209132e-06,0.0008332463516363964,0.009902786772235713,0.0012731345953744067,0.00020823224074996427,0
-0.0014870694753270032,-0.0006209340098536383,0.0002779028468776408,0.0018983943330575207,0.013727450699605875,-5.2798190503201286e-05,0.00010068573683718347,-0.0004588484227179695,0.005221030278726244,0.00332084136052433,0.0006389337685195791,0
-0.0020226229062774537,-0.0006933003045823936,1.0863229305698808e-05,0.0016897573115680666,0.0004422534264674486,0.00016372061128067024,5.273231988819444e-05,-0.0005875245168755575,0.009944042769840794,-0.00015038762955412916,0.002435517963073893,0
-0.0015917348479181383,0.0010224075364834914,0.00011995917217407577,-0.0027698667465397863,0.019125827231431018,4.3288319250726945e-05,1.9174148054765963e-05,-0.0015148101695407893,0.005094559867416352,1.262881014663936e-06,-0.001435395710037337,0
-0.0021893429488986436,-0.0004494697161566084,0.00019639477591239238,-0.0003788062229381374,0.008647216271751648,-0.0005677529238274111,9.57453581724629e-05,0.000569618434459123,0.0021899743692143144,0.0027612989033221212,0.00041029518241352154,0
0.0015178060157702063,0.00032752687153652315,0.00034581136762363917,0.0007229234517243447,0.011989654498964223,-0.00037568218573273,3.7635982147301504e-05,-0.0008780898111761874,0.00711036804191603,0.001181678116014539,0.0017548036610040806,0
0.001680800304086987,0.0005764833869589267,0.0002377929569072346,-0.0014839900794658288,0.0037473516076013827,-3.70299097106229e-05,-5.102870899575476e-05,0.0018739942712258039,0.012097482606882988,0.0017486546511059132,0.00200234357859045,0
0.00010400093898131214,-3.953495925642102e-05,0.00043327465945305107,0.0011841256106293445,0.014095498918983682,0.0006809707353319849,0.00010510105668626664,-0.0007502911085617162,0.006951206199565566,0.003193136804392056,-0.0008419536223225818,0
-0.0015717638771855305,-0.0006442493527779515,0.0003941499152631239,0.0017497697111502637,0.016901739152946512,-0.0006409505687516117,0.0002074466615534115,-0.000140515192939456,0.004159343290467413,0.0022061209118823255,-0.0007391073967908945,0
-0.0013046700716719648,-0.0007691847728214114,0.0003283594564839078,-0.0012323715156165296,0.015704397734060512,-0.0005102120009580942,-6.385993035986662e-05,0.00018222544155156227,0.0075381439907792735,0.00274642538322419,0.001599708452499543,0
-0.0012625318160782674,-0.00028792580404550993,0.00016508940837086842,0.0023433465656250195,0.014689422711342907,8.583981270296125e-05,1.1350647269782687e-05,-0.000707067245473018,0.005919805764971235,0.002926274445211512,-0.00045929144687188034,0
0.0001564138183910898,-0.0008374708562901232,0.000172110709091268,-0.003400753628433891,0.01734933741116668,0.00011239971945647806,0.00010209974475436582,-8.930494118478488e-05,0.00658481503118967,-0.0011590329734022919,-0.0010858103072035677,0
0.0028653369743013384,3.4548958777182066e-05,0.00023505667797150322,0.002255378248230237,0.0004766974570192705,0.0012344485007956946,9.43165781966419e-05,-0.00018508051679495496,0.0031851804077235738,0.003435000304161971,-0.004443378370537997,0
-0.0015596638049746492,-0.0010860295472982068,0.0003957892793035808,0.0003976207438484703,0.013796569378688823,-0.000127643232790504,-2.724284947417051e-05,-0.000581743663323225,0.010551361526344203,0.0011367078098906826,-0.0027932390551666866,0
0.00012871805048307927,0.0001113376452622816,0.00026686263323997563,0.002307033611885329,0.013274335106908777,0.00011472620414243996,5.379280893385477e-05,-0.0007695401548801974,-0.00029879771017451653,0.0031889562612452266,0.0019068562945670081,0
0.00016339337954588475,-0.0001978453565659773,0.00047318389302712925,-0.0037342878838335994,0.01739651348729939,-0.000478089984162881,4.490261930782402e-05,0.00013558816574873214,0.0013747085533263657,-0.0006570475077718319,0.0018627930362354363,0
-0.0021153178086328723,0.001615043820273426,0.0001618506956619623,-0.003742710347407901,0.008826749180889257,0.0006140882058821643,1.7627497392583368e-05,-0.0007457370205145971,0.0016437678704057108,0.0035806720814749683,0.0028169122523055007,0
-0.0015521018498750683,-0.00014670700447994014,-2.7710303620927185e-05,-0.002570067701456424,0.010328404935111824,7.56146913622768e-05,1.2899733702786123e-05,0.0004891365173527744,0.011758508324185611,0.0012366652214644356,-0.0006076433253482012,0
0.0019439625169460587,0.00031555519203347384,0.0002982123106135008,0.003562728074746577,0.012544285830915842,-0.0005234136403381738,-4.2687322166561826e-05,0.0011435753675075305,-0.002692935301641776,0.0006778835636686071,0.002340129887325005,0
0.0008458846287121373,-0.005107719961708595,-0.008631609059060139,0.021039261010886573,-0.137261708023864,-6.4127086808281345e-06,0.0013737093439474737,-0.003914029005523605,-0.1328366862495877,-0.049833893840481355,0.017176438379027714,1
0.0022766743625414537,0.0007652360645889195,0.0001064518729298762,-0.0038546678656496127,0.004674064003621755,0.00025425729683807856,1.0911557750237144e-05,-0.0008757499541871353,0.003939122524590368,0.0027007580276907643,0.0030382847772498743,0
0.0001619421089619507,-0.0006298313825543282,0.0003249227638599117,-0.0014650904360644528,0.009322451089803641,-0.00046437779714655274,2.9227315455581067e-05,-0.0012932543610754614,0.012474460917775194,0.0013583951247212063,-0.0016466551797393973,0
0.00211783923501537,-0.0006386285623377354,0.000368417457650935,-0.00027756604927786876,0.0022477869464100327,0.00010982608939998533,1.9696583626337954e-05,-0.0006846922213465459,0.007739525384019896,0.001574641008144147,0.002323704945616324,0
0.0001403545289028304,-0.0011232537233275197,0.0004297555473230524,-0.0027687269105309653,0.010068170478948448,0.000475598064116697,5.9338095204834386e-05,-0.0023453158130164404,0.013810736331801042,0.00021990509612082154,0.0014367495316869143,0
0.0007959178592061727,0.002174964866993861,-0.007904260317441689,0.008169553831307736,-0.2095834814811485,0.0005664388357823455,-0.0002100556757236001,0.0017179185254190934,-0.11970476079220341,-0.06390520725717785,0.014284202868531493,1
0.0019630078547776637,0.0005948140125058481,0.00016634301419276502,-0.003835036374077638,0.015766801543116056,8.492711537664404e-05,6.466147775021724e-06,0.0010740168203437319,-4.312983572190738e-05,0.0012505463870951551,-0.0006281953780449823,0
0.00015611960670976836,-0.00020948395098020672,0.0003465727682189388,-0.00018804595013013992,0.0038951599734286754,-1.713556429925835e-05,-0.00012633789483186856,-1.0391725924840917e-05,0.012955835603681033,-0.001736842083222753,-0.0023117400612484885,0
0.002180891282601948,0.00017042886525375412,0.00031356666603677325,0.0011622179604353763,0.010807611967030355,-0.00023886102106894082,-1.2908131609309426e-05,-0.0001006346517968673,0.0039397482704120555,-0.0016805034082202931,0.0005160255076226382,0
-0.002350832482167885,0.00023331366452053028,-5.1181689090138856e-05,-0.00364933262986758,0.019556886450941707,-0.0002569947360891044,0.0002218748568484756,0.0013553758721602212,-0.0036102905622732795,0.00186811161370975,-0.003207996935265472,0
0.0017719865211803818,0.0001069352221392489,0.00026840534761041337,-0.000753732418216061,0.013639326562157775,-4.7568088304003055e-05,1.5610422286902195e-05,-0.0009376490469490905,0.0014595269564697463,0.0024567293597317764,0.00019786453463043613,0
-0.001681616009073046,0.0005051338079948773,0.0001168200919557926,-0.0002926540243522924,0.019925115242795097,2.6987068738697017e-05,-1.4737386296968325e-05,0.0019810190938905955,-0.0017628994903258538,-0.000888408668393467,0.0008315423755404228,0
0.001351050873795601,6.0522846681076426e-05,0.00019010286636266137,0.0044616426766565095,0.005833052575781684,0.00013327502169899728,7.1975154266827085e-06,-0.0009425803045670984,0.010450070398569244,0.0022782638782770912,0.0009201694367748023,0
0.00013001821858988637,0.0015330333680560531,0.0002456336165434305,-0.00017043435863140955,0.00803018498768784,0.0005510467450337183,2.1743552349202297e-05,0.0003429512071585444,0.007960677540217807,0.001721126032997028,0.0015375196215794175,0
-0.001577835683313554,2.4208675525738055e-05,0.0003823567551140443,-0.00042428505039918455,0.015400413762832755,0.0005083416253813278,-2.0973504965383592e-05,-0.0008869291562750004,0.004044100391655558,0.002343929238970338,0.0015500090254557605,0
-0.0014578786804443744,-0.00011790990204993967,0.00041302877128052335,-0.0037799181801317083,0.01796125135714893,0.000587740918573709,-0.0001032250709044069,0.0007777227226492436,0.006376387452316808,0.003750616432383268,-0.0006931089484507325,0
0.00023293433430421356,0.002569907117517255,-0.00889030973013976,0.006581912260196123,-0.554112402790486,0.003687610618074656,0.0003479619430456694,-0.011679729649860407,-0.17338800049333705,-0.06732150823996877,-0.009266782887347835,1
0.0012027197225441344,0.0014837391664383945,0.00023122391215214157,0.0017701221445090296,0.012612310157089898,-0.0005488320551088844,-1.6436221582602825e-05,0.00024873684304718376,0.008383037765773678,0.0025385032008102635,-0.0007790651288719849,0
0.002285866420544038,0.0001711842305720688,0.00031744126012588113,-0.005793822891773544,0.020096628157868175,-0.0007438760813335289,-1.5386171447458367e-05,0.0009903107745166705,-0.0029870621312265704,-0.0013029836505997004,0.0023468691056990135,0
0.00011927433526266896,-0.0010193830629094602,0.0001964253472566163,0.0004248727287932486,0.017174726039130433,0.0003226643948735134,5.845319350570661e-05,-0.0008959116538823454,0.0005362892799861372,0.002910422184224479,0.0016864494149572244,0
0.0018989760119971781,0.00032470029050457827,6.543056231490275e-05,0.0035999366358013987,0.0072409853461277585,-5.4817201514215884e-05,-7.667308867197169e-05,3.59778258993705e-05,0.007898056456865789,-0.0010894271313887645,0.0007725964732731849,0
-0.001383666492622526,-0.0002498063334972772,0.00030322258534321885,0.002725503528729893,0.016482868654740458,0.00030128811357759886,3.777548523913801e-05,-0.000718081891118185,0.006282242788008369,0.0015569886482080264,-0.0009987927230569772,0
0.0012677156898826267,3.925008400946754e-05,0.00018160233840076832,0.0009477506247380274,0.011216977979414811,9.205780148820145e-05,1.978778562264106e-05,0.0007094020618197618,0.008745747164792114,0.0015445786602625961,0.0004827489362737962,0
0.002371900956242182,-0.0014815314997659761,4.0409400750763736e-05,-0.004210891902976584,0.012155897060661308,-0.00013256329574952747,-9.155193185751263e-05,-0.00018656310987299237,0.0012030367375221237,-0.0005373474243074759,-0.001972291483600924,0
0.0001221041032607623,-0.00018222748020415671,9.625639755128072e-05,-0.0003433922359424643,0.015364245889492548,3.916837883952801e-05,9.323547027153098e-06,0.002347828244104125,0.003751982575164682,-0.001522789966718991,-0.0006351342893401134,0
-0.0014372811584239156,-0.0006473084607640523,0.0004194142879270352,-0.0013303204432370183,0.010804781710518402,0.00037734918409339187,4.0052714643609605e-05,-0.0003557217674468328,0.011804522015969874,-0.0001333769599086128,0.0019801581002262397,0
0.0002256857895190624,-0.00014396225274068111,0.00030279344887178906,-0.0012793160427675507,-0.0002601206422393086,-0.00034271339459475853,9.078740029588347e-05,0.0008568114487930322,-0.004716545994397829,-0.0003302244781641208,-0.002073016093462259,0
-0.0021861612815084097,-0.0015383517238464848,-0.00019767747655946387,-0.0026398757913788295,0.016358018251421417,0.0009231126616371988,0.00015452839264982796,-0.00017057408890967657,0.0009623698695395185,0.003169820110374868,-0.0023524013125232578,0
-0.0013973991602000157,-7.984160785185774e-05,0.00022598126877838945,0.0017994796512936428,0.00896917555246375,-8.049321955202974e-05,-8.838764857209945e-05,-0.0001574037403165709,0.011756033564430692,0.0030099344763122753,-0.00017466138795001543,0
0.0020692030178612727,-0.00010480293817482306,0.00018119028032260903,0.0013700066269809702,0.01866758450480526,-0.00016690171792282062,-6.399445890187349e-05,-0.0008085071026285339,-0.0014990200808156706,0.0031312318714624234,-0.0029736128043845907,0
0.001654503506503387,-0.00023747765327972485,0.00018377210100687185,0.0014508854980526409,0.013062013881064012,-0.00022355213348667244,8.41178639601325e-05,0.0006406599066820344,0.0037168730812493765,0.0007905136997918419,0.0018161062272727263,0
0.00016570400007347223,-0.0005185103824096778,0.00015454704914861397,-0.001166443892406877,0.0037912019543460125,0.0001405234241816937,-4.203549516343168e-05,0.0021953952474743094,0.006747905216915006,0.0020517121618970242,-0.0018616431196926408,0
0.00015489080386994018,-0.0008304525161192997,0.0001397196937730315,-0.0035953009225045754,0.01909659205030595,-0.00018401543755837188,-0.0002084875644257742,0.00143912790867391,-0.00396200365321576,0.005598749167507304,0.00041870487746535276,0
0.00012128688405283439,0.0015077757822074542,4.6725450655222006e-05,-0.0021207938441648823,0.008302513832824416,5.586790436349429e-05,2.1146002710086506e-05,-0.0005645793100134371,0.011465982002652123,0.0005301251814511346,0.0006301020120305749,0
0.00013851254867344208,0.0002679788710609801,0.00022464921462982476,0.00413353380484793,0.0033252483898564703,0.00032125328382473446,-2.226790488473283e-05,1.6684853372431657e-05,0.01213256274236087,0.001995195420754251,-0.00047046787278528374,0
0.0023994122906351467,0.0005589332838475441,0.0002226834923667878,0.00013123306369793025,0.013678704711114015,0.0005271217617798232,-9.175815807465678e-05,0.0008282525677685849,-0.004369070329187827,0.000515741327406482,0.0004689580413763765,0
0.0015373265552638738,0.0001304099364184735,0.00017294431508362018,0.0024642082442017073,0.012434073242570629,-0.00046210892590456165,-1.9244589415980776e-05,0.0013967858962086366,0.004669329208490224,-0.00033893116167118447,0.001633652649813619,0
-0.0014354076193597676,0.0005374564947431665,0.0002669533977838533,0.0011719470520323637,0.01502045302751413,0.00027662091416267003,-5.600511120749287e-05,-0.0007771341083347552,0.0038997221385940035,0.004160905300107784,0.00038359708921621716,0
-0.0026027475022589045,0.0005047095784356103,-2.6158259009289083e-05,0.0005425102910831065,0.01816065490675756,-0.0015190119475376814,-0.00017551413669961,-0.00041187542166728575,-0.006451363750145282,3.6037058510287795e-05,-0.0029630845775740055,0
0.001871384263078934,0.0005042704095139856,0.00024221288807098232,0.0007718913010782281,0.014482794062626602,-0.00030518384981864026,-3.498524518100786e-06,0.0003442532509786612,-0.0005211484539412167,0.001689551801460609,0.0018527354641977162,0
0.00015450725842975277,0.0014351808834423296,0.00044881933210813005,0.0019110222450273826,0.002096596769934746,0.0002899077794693615,-0.00012905753362996326,-0.0012840340250167915,0.010902146900239782,-0.0001865971656232832,0.0023504134369315213,0
-0.0028746940351111576,-0.002252281877301393,0.00036269194404833983,0.0005717536519912506,0.0026201889922305727,-0.0012941233456502958,5.73449966422564e-05,0.00017353537650831844,0.0012387837031202496,0.005900558892334655,-0.005431757343799878,0
0.00015503566612270385,-0.00015357159121350347,0.0002927902615616375,0.0007636213519968537,0.009475544393988952,9.478770068548304e-06,2.6170473084470102e-05,-0.000536680277422713,0.0009091974635540927,0.0024856049269240165,0.0016062181314601617,0
-0.0017299663536367521,0.0004804340398506236,0.00025371475279661166,-0.0012715273793289697,0.01700818720152397,0.0003562665972318537,0.00021681176485774083,0.0010231672579952484,0.00314931456003832,0.0017138645089440827,-0.0015048800890403238,0
0.00016104698153702579,0.0013961817437667013,9.104873322258706e-05,-0.0013191887003820425,0.0016157044541793596,-0.00011825842325307802,-0.00019281644204069184,-2.3058633399997062e-05,0.014553064080168251,0.002047977649138117,0.0010564989291909424,0
0.00020991958158302637,0.0001397164132266266,0.0001491388229538594,-0.0033537991682346564,0.009616504393956884,-0.0004933171618652466,0.00039519540888916064,-0.0009317836656084518,0.0026907887801851165,-0.002428348739163284,0.0016725588331877846,0
0.00021037047649216336,0.000632758366725603,0.00041149717580643065,0.0025814894235556833,0.004597960713823961,0.00044981357871668056,0.00016468612322048377,-0.001779648412679865,-0.00200073640515287,0.001472817862994302,0.0016736028875393993,0
0.00011927892070866039,-0.0005128088167896546,0.00022538451965065982,-0.001709518671852126,0.012394563440457654,2.795284258189459e-05,-2.2228121627640557e-05,0.0017493855053751946,0.005767240429514382,0.004231094683037961,-0.0026955976708499738,0
0.0027134387252249117,0.001731954822466913,0.00011429215513948264,-0.0014350448723649256,0.009986453951237784,0.0010610480889654173,-0.00012909314298329447,-0.000598068061543408,-0.0003341281212961981,0.001247552290425339,-0.003700871261332103,0
-0.0014518513181922084,-0.0009471639923805803,0.00019860895216004443,-0.0017590648294614677,0.01787871551891537,0.00015180388017675364,-9.045702860977631e-05,0.0002551192466497156,0.006632146418783367,0.0026011931792481024,0.00010254609297628142,0
0.00018942430610368257,-0.0007695640216190826,0.00013873091753229463,-0.0015323304616189871,0.0013654878918220343,-4.377299403266644e-05,-0.0003173232717677846,0.0006021223121884376,0.012369741131046733,0.0026494589831700965,-0.0008357516736577867,0
-0.0016890983790768552,-0.0007697296129974824,0.00019055359033041437,0.0007424692872259089,0.015498145102188627,0.0005053883855156202,8.390094630939076e-05,0.0008535832688058036,-0.0007861617121450142,0.004115030215435698,0.0013941086756766655,0
0.0013216169464512987,-0.00024251142559558844,0.00016771823461510298,0.0013863931547143807,0.009453297046731922,9.446296157047776e-05,1.529881412307736e-05,0.001742004385158824,0.008043533631419547,0.002162059839884688,0.00031952722632127076,0
0.00016087799972452517,6.214370974334616e-05,0.00048359018117341985,-0.0014330605003821087,0.0035437859748061002,0.00020174675303734165,5.19945864256513e-05,0.000521783102976773,0.010371319886494439,2.0760253589995714e-05,0.0026058773858719207,0
0.0019396944977106785,-0.0002618700802118197,0.00026125939662690944,0.0016615963284606374,0.005094765597063154,0.0002993978826668249,0.00011350646091422124,-0.00083952366234073,0.012778259487100133,0.00182508979990159,-0.0018582148949380095,0
0.00024006674289722783,0.005311694006963076,-0.009182406486107773,0.0013003719606002138,-0.5498035211067738,0.0029770218159889993,-0.0021413904926422425,-0.006103718585783353,-0.17264595026008672,-0.06651684798602016,-0.013812603922806033,1
-0.00151900873765178,-0.0004110755024018362,0.00035735695929465475,0.0015392098831410912,0.010148405510496184,-0.00020361092508437467,-7.740559291733568e-05,0.0010082399003623513,0.008013877770562505,0.0018761065725025425,0.0011033361889440235,0
0.0005643178471303391,0.009918888023745008,-0.008073518143528914,0.03055224125624683,-0.444536270751805,-0.002548985801121941,-0.001018584931025027,-0.001446376401663711,-0.19347763302269136,-0.04463862698045415,-0.0008995596922025673,1
